LONGEST_SUBSEQUENCE_SUCH_THAT_DIFFERENCE_BETWEEN_ADJACENTS_IS_ONE, compile=1, bolero=0, bounded_kani=0, full_kani=0
PERMUTE_TWO_ARRAYS_SUM_EVERY_PAIR_GREATER_EQUAL_K, compile=1, bolero=0, bounded_kani=0, full_kani=0
FIND_THE_MINIMUM_DISTANCE_BETWEEN_TWO_NUMBERS, compile=1, bolero=0, bounded_kani=0, full_kani=0
RECURSIVE_C_PROGRAM_LINEARLY_SEARCH_ELEMENT_GIVEN_ARRAY, compile=1, bolero=1, bounded_kani=0, full_kani=0
NUMBER_OF_BINARY_TREES_FOR_GIVEN_PREORDER_SEQUENCE_LENGTH, compile=1, bolero=1, bounded_kani=1, full_kani=0
HYPERCUBE_GRAPH, compile=1, bolero=0, bounded_kani=0, full_kani=0
FIND_LAST_DIGIT_FACTORIAL_DIVIDES_FACTORIAL_B, compile=1, bolero=1, bounded_kani=0, full_kani=0
LOWER_INSERTION_POINT, compile=1, bolero=0, bounded_kani=0, full_kani=0
LARGEST_SUBARRAY_WITH_EQUAL_NUMBER_OF_0S_AND_1S, compile=1, bolero=1, bounded_kani=0, full_kani=0
SWAP_BITS_IN_A_GIVEN_NUMBER, compile=1, bolero=0, bounded_kani=0, full_kani=0
COMPUTE_NCR_P_SET_1_INTRODUCTION_AND_DYNAMIC_PROGRAMMING_SOLUTION, compile=1, bolero=1, bounded_kani=1, full_kani=0
PROGRAM_TO_CHECK_IF_A_GIVEN_NUMBER_IS_LUCKY_ALL_DIGITS_ARE_DIFFERENT, compile=1, bolero=0, bounded_kani=0, full_kani=0
MINIMIZE_THE_SUM_OF_DIGITS_OF_A_AND_B_SUCH_THAT_A_B_N, compile=1, bolero=1, bounded_kani=0, full_kani=0
MINIMUM_LENGTH_SUBARRAY_SUM_GREATER_GIVEN_VALUE_1, compile=1, bolero=0, bounded_kani=0, full_kani=0
SUM_OF_ALL_ELEMENTS_UP_TO_NTH_ROW_IN_A_PASCALS_TRIANGLE_1, compile=1, bolero=1, bounded_kani=0, full_kani=0
SMALLEST_SUM_CONTIGUOUS_SUBARRAY, compile=1, bolero=0, bounded_kani=0, full_kani=0
COUNT_INVERSIONS_OF_SIZE_THREE_IN_A_GIVE_ARRAY, compile=1, bolero=0, bounded_kani=0, full_kani=0
REARRANGE_ARRAY_MAXIMUM_MINIMUM_FORM_SET_2_O1_EXTRA_SPACE, compile=1, bolero=0, bounded_kani=0, full_kani=0
PROGRAM_FIND_SMALLEST_DIFFERENCE_ANGLES_TWO_PARTS_GIVEN_CIRCLE, compile=1, bolero=0, bounded_kani=0, full_kani=0
PROBABILITY_THREE_RANDOMLY_CHOSEN_NUMBERS_AP, compile=1, bolero=1, bounded_kani=0, full_kani=0
MINIMUM_NUMBER_PLATFORMS_REQUIRED_RAILWAYBUS_STATION, compile=1, bolero=1, bounded_kani=0, full_kani=0
N_TH_NUMBER_WHOSE_SUM_OF_DIGITS_IS_TEN_1, compile=1, bolero=1, bounded_kani=1, full_kani=0
SUBSET_SUM_DIVISIBLE_M, compile=1, bolero=0, bounded_kani=0, full_kani=0
SUM_MATRIX_ELEMENT_ABSOLUTE_DIFFERENCE_ROW_COLUMN_NUMBERS_1, compile=1, bolero=1, bounded_kani=1, full_kani=0
PROGRAM_FIND_SLOPE_LINE, compile=1, bolero=0, bounded_kani=0, full_kani=0
MAXIMUM_SUM_ABSOLUTE_DIFFERENCE_ARRAY, compile=1, bolero=0, bounded_kani=0, full_kani=0
CHECK_IF_STRING_REMAINS_PALINDROME_AFTER_REMOVING_GIVEN_NUMBER_OF_CHARACTERS, compile=1, bolero=1, bounded_kani=1, full_kani=1
COUNT_INVERSIONS_OF_SIZE_THREE_IN_A_GIVE_ARRAY_1, compile=1, bolero=0, bounded_kani=0, full_kani=0
NUMBER_SUBSTRINGS_STRING, compile=1, bolero=1, bounded_kani=1, full_kani=1
SORT_ARRAY_APPLYING_GIVEN_EQUATION, compile=1, bolero=0, bounded_kani=0, full_kani=0
WRITE_YOU_OWN_POWER_WITHOUT_USING_MULTIPLICATION_AND_DIVISION, compile=1, bolero=1, bounded_kani=1, full_kani=0
FIND_WHETHER_AN_ARRAY_IS_SUBSET_OF_ANOTHER_ARRAY_SET_1_1, compile=0, bolero=0, bounded_kani=0, full_kani=0
DECODE_STRING_RECURSIVELY_ENCODED_COUNT_FOLLOWED_SUBSTRING, compile=0, bolero=0, bounded_kani=0, full_kani=0
DECODE_MEDIAN_STRING_ORIGINAL_STRING, compile=1, bolero=0, bounded_kani=0, full_kani=0
LEXICOGRAPHICAL_CONCATENATION_SUBSTRINGS_STRING, compile=1, bolero=0, bounded_kani=0, full_kani=0
FIND_ONE_EXTRA_CHARACTER_STRING_1, compile=1, bolero=0, bounded_kani=0, full_kani=0
MAXIMUM_CONSECUTIVE_REPEATING_CHARACTER_STRING, compile=1, bolero=0, bounded_kani=0, full_kani=0
CHECK_GIVEN_STRING_ROTATION_PALINDROME, compile=1, bolero=1, bounded_kani=1, full_kani=1
FIND_POSITION_GIVEN_NUMBER_AMONG_NUMBERS_MADE_4_7, compile=1, bolero=1, bounded_kani=1, full_kani=1
DYNAMIC_PROGRAMMING_SET_8_MATRIX_CHAIN_MULTIPLICATION, compile=1, bolero=0, bounded_kani=0, full_kani=0
FIND_SUBARRAY_WITH_GIVEN_SUM_1, compile=1, bolero=0, bounded_kani=0, full_kani=0
MEDIAN_OF_TWO_SORTED_ARRAYS, compile=0, bolero=0, bounded_kani=0, full_kani=0
PROGRAM_FIND_STRING_START_END_GEEKS, compile=1, bolero=0, bounded_kani=0, full_kani=0
MINIMUM_NUMBER_OF_JUMPS_TO_REACH_END_OF_A_GIVEN_ARRAY_2, compile=1, bolero=1, bounded_kani=0, full_kani=0
TAIL_RECURSION, compile=1, bolero=0, bounded_kani=0, full_kani=0
FIND_NUMBER_PAIRS_ARRAY_XOR_0, compile=1, bolero=0, bounded_kani=0, full_kani=0
SUM_SERIES_12_32_52_2N_12, compile=1, bolero=1, bounded_kani=1, full_kani=0
COUNT_PAIRS_DIFFERENCE_EQUAL_K, compile=1, bolero=0, bounded_kani=0, full_kani=0
COUNT_ROTATIONS_DIVISIBLE_8, compile=1, bolero=1, bounded_kani=1, full_kani=1
CONVERT_STRICTLY_INCREASING_ARRAY_MINIMUM_CHANGES, compile=1, bolero=0, bounded_kani=0, full_kani=0
MAXIMUM_GAMES_PLAYED_WINNER, compile=0, bolero=0, bounded_kani=0, full_kani=0
GOOGLE_CASE_GIVEN_SENTENCE, compile=1, bolero=0, bounded_kani=0, full_kani=0
CONVERT_DECIMAL_FRACTION_BINARY_NUMBER, compile=0, bolero=0, bounded_kani=0, full_kani=0
COUNT_POSSIBLE_PATHS_TOP_LEFT_BOTTOM_RIGHT_NXM_MATRIX_3, compile=1, bolero=1, bounded_kani=1, full_kani=0
SUM_MATRIX_ELEMENT_ABSOLUTE_DIFFERENCE_ROW_COLUMN_NUMBERS_2, compile=1, bolero=1, bounded_kani=0, full_kani=0
MINIMUM_ROTATIONS_REQUIRED_GET_STRING, compile=1, bolero=1, bounded_kani=1, full_kani=1
FIND_A_TRIPLET_THAT_SUM_TO_A_GIVEN_VALUE_1, compile=1, bolero=0, bounded_kani=0, full_kani=0
SQUARE_ROOT_OF_AN_INTEGER_1, compile=1, bolero=1, bounded_kani=0, full_kani=0
SUM_OF_ALL_ELEMENTS_UP_TO_NTH_ROW_IN_A_PASCALS_TRIANGLE, compile=1, bolero=1, bounded_kani=1, full_kani=0
FIND_WHETHER_AN_ARRAY_IS_SUBSET_OF_ANOTHER_ARRAY_SET_1, compile=1, bolero=0, bounded_kani=0, full_kani=0
HOW_TO_COMPUTE_MOD_OF_A_BIG_NUMBER, compile=1, bolero=1, bounded_kani=1, full_kani=1
FIND_LARGEST_D_IN_ARRAY_SUCH_THAT_A_B_C_D, compile=0, bolero=0, bounded_kani=0, full_kani=0
CHECK_DIVISIBILITY_LARGE_NUMBER_999, compile=0, bolero=0, bounded_kani=0, full_kani=0
COUNT_SET_BITS_IN_AN_INTEGER, compile=0, bolero=0, bounded_kani=0, full_kani=0
BINARY_SEARCH, compile=1, bolero=0, bounded_kani=0, full_kani=0
COUNT_PAIRS_WHOSE_PRODUCTS_EXIST_IN_ARRAY, compile=1, bolero=1, bounded_kani=0, full_kani=0
POSITION_OF_RIGHTMOST_SET_BIT_1, compile=1, bolero=1, bounded_kani=0, full_kani=0
TRIANGULAR_MATCHSTICK_NUMBER, compile=1, bolero=1, bounded_kani=0, full_kani=0
MINIMIZE_SUM_PRODUCT_TWO_ARRAYS_PERMUTATIONS_ALLOWED, compile=1, bolero=0, bounded_kani=0, full_kani=0
COUNT_STRINGS_CAN_FORMED_USING_B_C_GIVEN_CONSTRAINTS_1, compile=1, bolero=1, bounded_kani=0, full_kani=0
CHECK_NUMBER_IS_PERFECT_SQUARE_USING_ADDITIONSUBTRACTION, compile=1, bolero=1, bounded_kani=0, full_kani=0
COUNT_PAIRS_TWO_SORTED_ARRAYS_WHOSE_SUM_EQUAL_GIVEN_VALUE_X, compile=1, bolero=1, bounded_kani=0, full_kani=0
PROGRAM_FOR_FACTORIAL_OF_A_NUMBER, compile=1, bolero=0, bounded_kani=0, full_kani=0
GIVEN_A_SORTED_AND_ROTATED_ARRAY_FIND_IF_THERE_IS_A_PAIR_WITH_A_GIVEN_SUM_1, compile=1, bolero=0, bounded_kani=0, full_kani=0
TOTAL_NUMBER_OF_NON_DECREASING_NUMBERS_WITH_N_DIGITS_1, compile=1, bolero=1, bounded_kani=1, full_kani=0
PROGRAM_FOR_FACTORIAL_OF_A_NUMBER_1, compile=1, bolero=0, bounded_kani=0, full_kani=0
SUM_SERIES_12_32_52_2N_12_1, compile=1, bolero=1, bounded_kani=0, full_kani=0
FIND_PAIR_WITH_GREATEST_PRODUCT_IN_ARRAY, compile=1, bolero=1, bounded_kani=0, full_kani=0
LONGEST_INCREASING_ODD_EVEN_SUBSEQUENCE, compile=1, bolero=0, bounded_kani=0, full_kani=0
DIFFERENCE_BETWEEN_HIGHEST_AND_LEAST_FREQUENCIES_IN_AN_ARRAY, compile=0, bolero=0, bounded_kani=0, full_kani=0
MODULUS_TWO_FLOAT_DOUBLE_NUMBERS, compile=1, bolero=1, bounded_kani=1, full_kani=1
MULTIPLY_LARGE_INTEGERS_UNDER_LARGE_MODULO, compile=1, bolero=1, bounded_kani=0, full_kani=0
FIND_BITONIC_POINT_GIVEN_BITONIC_SEQUENCE, compile=1, bolero=0, bounded_kani=0, full_kani=0
PRODUCT_MAXIMUM_FIRST_ARRAY_MINIMUM_SECOND, compile=1, bolero=0, bounded_kani=0, full_kani=0
COUNT_PALINDROME_SUB_STRINGS_STRING, compile=1, bolero=0, bounded_kani=0, full_kani=0
MINIMUM_SUM_TWO_NUMBERS_FORMED_DIGITS_ARRAY, compile=1, bolero=0, bounded_kani=0, full_kani=0
RECURSIVELY_BREAK_NUMBER_3_PARTS_GET_MAXIMUM_SUM, compile=1, bolero=1, bounded_kani=0, full_kani=0
NUMBER_OF_PAIRS_IN_AN_ARRAY_HAVING_SUM_EQUAL_TO_PRODUCT, compile=1, bolero=1, bounded_kani=0, full_kani=0
COUNT_OF_PAIRS_SATISFYING_THE_GIVEN_CONDITION, compile=1, bolero=1, bounded_kani=0, full_kani=0
MAXIMUM_PRODUCT_SUBARRAY_ADDED_NEGATIVE_PRODUCT_CASE, compile=1, bolero=0, bounded_kani=0, full_kani=0
FIND_SUM_EVEN_INDEX_BINOMIAL_COEFFICIENTS, compile=1, bolero=1, bounded_kani=1, full_kani=0
PROGRAM_CHECK_INPUT_INTEGER_STRING, compile=1, bolero=1, bounded_kani=1, full_kani=1
POSITIVE_ELEMENTS_EVEN_NEGATIVE_ODD_POSITIONS, compile=1, bolero=0, bounded_kani=0, full_kani=0
ADD_1_TO_A_GIVEN_NUMBER, compile=1, bolero=1, bounded_kani=0, full_kani=0
DOUBLE_FACTORIAL_1, compile=1, bolero=0, bounded_kani=0, full_kani=0
SUM_SERIES_ALTERNATE_SIGNED_SQUARES_AP, compile=0, bolero=0, bounded_kani=0, full_kani=0
PRIMALITY_TEST_SET_1_INTRODUCTION_AND_SCHOOL_METHOD_1, compile=1, bolero=1, bounded_kani=0, full_kani=0
NUMBER_N_DIGIT_STEPPING_NUMBERS, compile=1, bolero=1, bounded_kani=1, full_kani=0
MINIMUM_LENGTH_SUBARRAY_SUM_GREATER_GIVEN_VALUE, compile=1, bolero=1, bounded_kani=0, full_kani=0
FAST_MULTIPLICATION_METHOD_WITHOUT_USING_MULTIPLICATION_OPERATOR_RUSSIAN_PEASANTS_ALGORITHM, compile=1, bolero=0, bounded_kani=0, full_kani=0
COUNT_CHARACTERS_STRING_DISTANCE_ENGLISH_ALPHABETS, compile=0, bolero=0, bounded_kani=0, full_kani=0
TEMPLE_OFFERINGS, compile=0, bolero=0, bounded_kani=0, full_kani=0
PRODUCT_MAXIMUM_FIRST_ARRAY_MINIMUM_SECOND_1, compile=1, bolero=0, bounded_kani=0, full_kani=0
PROGRAM_CIRCUMFERENCE_PARALLELOGRAM, compile=1, bolero=0, bounded_kani=0, full_kani=0
COUNT_SUBSTRINGS_WITH_SAME_FIRST_AND_LAST_CHARACTERS, compile=1, bolero=1, bounded_kani=1, full_kani=1
CHECK_CHARACTERS_GIVEN_STRING_CAN_REARRANGED_FORM_PALINDROME_1, compile=1, bolero=1, bounded_kani=1, full_kani=1
FINDING_POWER_PRIME_NUMBER_P_N_1, compile=1, bolero=1, bounded_kani=0, full_kani=0
NUMBER_JUMP_REQUIRED_GIVEN_LENGTH_REACH_POINT_FORM_D_0_ORIGIN_2D_PLANE, compile=1, bolero=1, bounded_kani=0, full_kani=0
DYNAMIC_PROGRAMMING_SET_36_CUT_A_ROPE_TO_MAXIMIZE_PRODUCT_1, compile=1, bolero=1, bounded_kani=0, full_kani=0
ADD_1_TO_A_GIVEN_NUMBER_1, compile=1, bolero=1, bounded_kani=0, full_kani=0
CHECK_POSSIBLE_TRANSFORM_ONE_STRING_ANOTHER, compile=0, bolero=0, bounded_kani=0, full_kani=0
MINIMUM_XOR_VALUE_PAIR_1, compile=0, bolero=0, bounded_kani=0, full_kani=0
SUM_LARGEST_PRIME_FACTOR_NUMBER_LESS_EQUAL_N, compile=1, bolero=1, bounded_kani=1, full_kani=0
SMALLEST_POWER_OF_2_GREATER_THAN_OR_EQUAL_TO_N_1, compile=1, bolero=0, bounded_kani=0, full_kani=0
CHECK_LARGE_NUMBER_DIVISIBLE_4_NOT, compile=1, bolero=0, bounded_kani=0, full_kani=0
COUNT_NUMBERS_THAT_DONT_CONTAIN_3, compile=1, bolero=1, bounded_kani=0, full_kani=0
SPACE_OPTIMIZED_DP_SOLUTION_0_1_KNAPSACK_PROBLEM, compile=1, bolero=1, bounded_kani=1, full_kani=0
FIND_SUM_MODULO_K_FIRST_N_NATURAL_NUMBER, compile=1, bolero=1, bounded_kani=1, full_kani=0
LONGEST_REPEATING_SUBSEQUENCE, compile=0, bolero=0, bounded_kani=0, full_kani=0
C_PROGRAM_FACTORIAL_NUMBER_2, compile=1, bolero=1, bounded_kani=1, full_kani=0
N_TH_NUMBER_WHOSE_SUM_OF_DIGITS_IS_TEN, compile=1, bolero=1, bounded_kani=1, full_kani=0
FIND_A_TRIPLET_THAT_SUM_TO_A_GIVEN_VALUE, compile=1, bolero=0, bounded_kani=0, full_kani=0
LONGEST_PREFIX_ALSO_SUFFIX_1, compile=1, bolero=1, bounded_kani=1, full_kani=1
SEARCH_INSERT_AND_DELETE_IN_A_SORTED_ARRAY_1, compile=1, bolero=0, bounded_kani=0, full_kani=0
FIND_SUBARRAY_WITH_GIVEN_SUM, compile=1, bolero=1, bounded_kani=0, full_kani=0
STOOGE_SORT, compile=1, bolero=0, bounded_kani=0, full_kani=0
COUNT_STRINGS_ADJACENT_CHARACTERS_DIFFERENCE_ONE, compile=1, bolero=1, bounded_kani=1, full_kani=0
POSSIBLE_TO_MAKE_A_DIVISIBLE_BY_3_NUMBER_USING_ALL_DIGITS_IN_AN_ARRAY, compile=1, bolero=0, bounded_kani=0, full_kani=0
FLOOR_IN_A_SORTED_ARRAY, compile=1, bolero=0, bounded_kani=0, full_kani=0
PAINTING_FENCE_ALGORITHM, compile=1, bolero=0, bounded_kani=0, full_kani=0
NEWMAN_CONWAY_SEQUENCE_1, compile=1, bolero=1, bounded_kani=1, full_kani=0
MIDDLE_OF_THREE_USING_MINIMUM_COMPARISONS_1, compile=1, bolero=0, bounded_kani=0, full_kani=0
LEXICOGRAPHICALLY_NEXT_STRING, compile=0, bolero=0, bounded_kani=0, full_kani=0
WRITE_AN_EFFICIENT_METHOD_TO_CHECK_IF_A_NUMBER_IS_MULTIPLE_OF_3, compile=1, bolero=1, bounded_kani=0, full_kani=0
COUNT_POSSIBLE_PATHS_TOP_LEFT_BOTTOM_RIGHT_NXM_MATRIX_1, compile=1, bolero=1, bounded_kani=1, full_kani=0
PRINT_SHORTEST_COMMON_SUPERSEQUENCE, compile=0, bolero=0, bounded_kani=0, full_kani=0
FIND_A_FIXED_POINT_IN_A_GIVEN_ARRAY, compile=1, bolero=1, bounded_kani=0, full_kani=0
MAXIMUM_PROFIT_BY_BUYING_AND_SELLING_A_SHARE_AT_MOST_K_TIMES, compile=1, bolero=1, bounded_kani=1, full_kani=0
NEXT_POWER_OF_2_1, compile=1, bolero=0, bounded_kani=0, full_kani=0
SQUARE_ROOT_OF_AN_INTEGER, compile=1, bolero=1, bounded_kani=0, full_kani=0
MAXIMUM_HEIGHT_OF_TRIANGULAR_ARRANGEMENT_OF_ARRAY_VALUES, compile=1, bolero=0, bounded_kani=0, full_kani=0
STRING_K_DISTINCT_CHARACTERS_NO_CHARACTERS_ADJACENT, compile=1, bolero=0, bounded_kani=0, full_kani=0
INTEGER_POSITIVE_VALUE_POSITIVE_NEGATIVE_VALUE_ARRAY_1, compile=1, bolero=0, bounded_kani=0, full_kani=0
RECURSIVELY_BREAK_NUMBER_3_PARTS_GET_MAXIMUM_SUM_1, compile=1, bolero=1, bounded_kani=1, full_kani=0
BELL_NUMBERS_NUMBER_OF_WAYS_TO_PARTITION_A_SET, compile=1, bolero=1, bounded_kani=1, full_kani=0
MIRROR_CHARACTERS_STRING, compile=0, bolero=0, bounded_kani=0, full_kani=0
GIVEN_LARGE_NUMBER_CHECK_SUBSEQUENCE_DIGITS_DIVISIBLE_8_1, compile=1, bolero=1, bounded_kani=1, full_kani=1
MAXIMUM_SUM_IARRI_AMONG_ROTATIONS_GIVEN_ARRAY, compile=1, bolero=1, bounded_kani=0, full_kani=0
CHECK_ARRAY_REPRESENTS_INORDER_BINARY_SEARCH_TREE_NOT, compile=1, bolero=1, bounded_kani=0, full_kani=0
FIND_THE_MINIMUM_DISTANCE_BETWEEN_TWO_NUMBERS_1, compile=0, bolero=0, bounded_kani=0, full_kani=0
NUMBER_INDEXES_EQUAL_ELEMENTS_GIVEN_RANGE, compile=1, bolero=0, bounded_kani=0, full_kani=0
DIVIDE_LARGE_NUMBER_REPRESENTED_STRING, compile=1, bolero=0, bounded_kani=0, full_kani=0
CHECK_LARGE_NUMBER_DIVISIBLE_11_NOT, compile=1, bolero=1, bounded_kani=1, full_kani=1
COUNT_CHARACTERS_POSITION_ENGLISH_ALPHABETS, compile=1, bolero=1, bounded_kani=1, full_kani=1
PROGRAM_FOR_FACTORIAL_OF_A_NUMBER_2, compile=1, bolero=1, bounded_kani=1, full_kani=0
DYNAMIC_PROGRAMMING_SUBSET_SUM_PROBLEM_1, compile=1, bolero=0, bounded_kani=0, full_kani=0
COUNT_OFDIFFERENT_WAYS_EXPRESS_N_SUM_1_3_4, compile=1, bolero=1, bounded_kani=0, full_kani=0
FIND_REPEATING_ELEMENT_SORTED_ARRAY_SIZE_N, compile=1, bolero=0, bounded_kani=0, full_kani=0
MIDDLE_OF_THREE_USING_MINIMUM_COMPARISONS, compile=1, bolero=1, bounded_kani=0, full_kani=0
DETECT_IF_TWO_INTEGERS_HAVE_OPPOSITE_SIGNS, compile=1, bolero=0, bounded_kani=0, full_kani=0
MAXIMUM_TRIPLET_SUM_ARRAY_2, compile=1, bolero=0, bounded_kani=0, full_kani=0
NTH_PENTAGONAL_NUMBER, compile=1, bolero=1, bounded_kani=0, full_kani=0
MAXIMUM_AREA_RECTANGLE_PICKING_FOUR_SIDES_ARRAY, compile=1, bolero=0, bounded_kani=0, full_kani=0
C_PROGRAM_FIND_LARGEST_ELEMENT_ARRAY_1, compile=1, bolero=0, bounded_kani=0, full_kani=0
HOW_TO_PRINT_MAXIMUM_NUMBER_OF_A_USING_GIVEN_FOUR_KEYS, compile=1, bolero=1, bounded_kani=0, full_kani=0
COUNT_OBTUSE_ANGLES_CIRCLE_K_EQUIDISTANT_POINTS_2_GIVEN_POINTS, compile=1, bolero=1, bounded_kani=0, full_kani=0
SQUARE_PYRAMIDAL_NUMBER_SUM_SQUARES, compile=1, bolero=1, bounded_kani=0, full_kani=0
K_TH_DISTINCT_OR_NON_REPEATING_ELEMENT_IN_AN_ARRAY, compile=1, bolero=0, bounded_kani=0, full_kani=0
COUNT_SET_BITS_IN_AN_INTEGER_1, compile=1, bolero=1, bounded_kani=0, full_kani=0
EQUILIBRIUM_INDEX_OF_AN_ARRAY, compile=1, bolero=0, bounded_kani=0, full_kani=0
PERFECT_REVERSIBLE_STRING, compile=1, bolero=1, bounded_kani=1, full_kani=1
ROUND_THE_GIVEN_NUMBER_TO_NEAREST_MULTIPLE_OF_10, compile=1, bolero=1, bounded_kani=0, full_kani=0
DIFFERENCE_MAXIMUM_SUM_MINIMUM_SUM_N_M_ELEMENTSIN_REVIEW, compile=1, bolero=0, bounded_kani=0, full_kani=0
FIND_INDEX_OF_AN_EXTRA_ELEMENT_PRESENT_IN_ONE_SORTED_ARRAY_1, compile=1, bolero=0, bounded_kani=0, full_kani=0
SEARCHING_ARRAY_ADJACENT_DIFFER_K, compile=1, bolero=1, bounded_kani=0, full_kani=0
PROGRAM_BINARY_DECIMAL_CONVERSION, compile=1, bolero=1, bounded_kani=0, full_kani=0
NUMBER_DIGITS_PRODUCT_TWO_NUMBERS, compile=1, bolero=1, bounded_kani=0, full_kani=0
HOW_TO_CHECK_IF_A_GIVEN_ARRAY_REPRESENTS_A_BINARY_HEAP, compile=1, bolero=0, bounded_kani=0, full_kani=0
NUMBER_SUBSTRINGS_DIVISIBLE_4_STRING_INTEGERS, compile=1, bolero=0, bounded_kani=0, full_kani=0
MAXIMUM_LENGTH_PREFIX_ONE_STRING_OCCURS_SUBSEQUENCE_ANOTHER, compile=1, bolero=0, bounded_kani=0, full_kani=0
PROGRAM_CHECK_ISBN, compile=0, bolero=0, bounded_kani=0, full_kani=0
REPLACE_CHARACTER_C1_C2_C2_C1_STRING_S, compile=1, bolero=0, bounded_kani=0, full_kani=0
FIND_MINIMUM_NUMBER_OF_COINS_THAT_MAKE_A_CHANGE_1, compile=1, bolero=1, bounded_kani=1, full_kani=0
WRITE_ONE_LINE_C_FUNCTION_TO_FIND_WHETHER_A_NO_IS_POWER_OF_TWO, compile=1, bolero=1, bounded_kani=0, full_kani=0
LENGTH_LONGEST_SUB_STRING_CAN_MAKE_REMOVED, compile=1, bolero=1, bounded_kani=1, full_kani=1
MAXIMUM_SUM_BITONIC_SUBARRAY, compile=1, bolero=0, bounded_kani=0, full_kani=0
NEXT_POWER_OF_2_2, compile=1, bolero=0, bounded_kani=0, full_kani=0
SEARCH_INSERT_AND_DELETE_IN_A_SORTED_ARRAY, compile=1, bolero=0, bounded_kani=0, full_kani=0
PADOVAN_SEQUENCE, compile=1, bolero=1, bounded_kani=1, full_kani=0
MIDDLE_OF_THREE_USING_MINIMUM_COMPARISONS_2, compile=1, bolero=1, bounded_kani=0, full_kani=0
FIND_ROTATION_COUNT_ROTATED_SORTED_ARRAY, compile=1, bolero=0, bounded_kani=0, full_kani=0
COUNTS_PATHS_POINT_REACH_ORIGIN_1, compile=1, bolero=1, bounded_kani=1, full_kani=0
MULTIPLY_LARGE_NUMBERS_REPRESENTED_AS_STRINGS, compile=0, bolero=0, bounded_kani=0, full_kani=0
HEXAGONAL_NUMBER, compile=1, bolero=1, bounded_kani=0, full_kani=0
FIND_INDEX_OF_AN_EXTRA_ELEMENT_PRESENT_IN_ONE_SORTED_ARRAY, compile=1, bolero=1, bounded_kani=0, full_kani=0
MINIMUM_OPERATIONS_MAKE_GCD_ARRAY_MULTIPLE_K, compile=1, bolero=1, bounded_kani=0, full_kani=0
NTH_NON_FIBONACCI_NUMBER, compile=1, bolero=1, bounded_kani=0, full_kani=0
FIND_REPETITIVE_ELEMENT_1_N_1_2, compile=1, bolero=1, bounded_kani=0, full_kani=0
EFFICIENT_WAY_CHECK_WHETHER_N_TH_FIBONACCI_NUMBER_MULTIPLE_10, compile=1, bolero=0, bounded_kani=0, full_kani=0
LEXICOGRAPHICALLY_MINIMUM_STRING_ROTATION, compile=1, bolero=0, bounded_kani=0, full_kani=0
FIND_ROTATION_COUNT_ROTATED_SORTED_ARRAY_1, compile=1, bolero=0, bounded_kani=0, full_kani=0
MAXIMUM_PROFIT_BY_BUYING_AND_SELLING_A_SHARE_AT_MOST_K_TIMES_1, compile=1, bolero=0, bounded_kani=0, full_kani=0
CHECK_LARGE_NUMBER_DIVISIBLE_9_NOT, compile=1, bolero=1, bounded_kani=1, full_kani=1
COUNT_WORDS_WHOSE_TH_LETTER_EITHER_1_TH_TH_I1_TH_LETTER_GIVEN_WORD, compile=1, bolero=0, bounded_kani=0, full_kani=0
MINIMUM_INCREMENT_K_OPERATIONS_MAKE_ELEMENTS_EQUAL, compile=1, bolero=1, bounded_kani=0, full_kani=0
SIZE_SUBARRAY_MAXIMUM_SUM, compile=1, bolero=0, bounded_kani=0, full_kani=0
DIVISIBILITY_9_USING_BITWISE_OPERATORS, compile=1, bolero=1, bounded_kani=0, full_kani=0
COUNT_NUMBER_WAYS_TILE_FLOOR_SIZE_N_X_M_USING_1_X_M_SIZE_TILES, compile=1, bolero=1, bounded_kani=1, full_kani=0
SUM_MATRIX_ELEMENT_ELEMENT_INTEGER_DIVISION_ROW_COLUMN, compile=1, bolero=1, bounded_kani=1, full_kani=0
CHECK_OCCURRENCES_CHARACTER_APPEAR_TOGETHER, compile=1, bolero=1, bounded_kani=1, full_kani=1
FIND_RECTANGLE_BINARY_MATRIX_CORNERS_1, compile=0, bolero=0, bounded_kani=0, full_kani=0
K_TH_ELEMENT_TWO_SORTED_ARRAYS, compile=1, bolero=0, bounded_kani=0, full_kani=0
CHECK_POSSIBLE_SORT_ARRAY_CONDITIONAL_SWAPPING_ADJACENT_ALLOWED, compile=1, bolero=0, bounded_kani=0, full_kani=0
CASSINIS_IDENTITY, compile=1, bolero=1, bounded_kani=0, full_kani=0
GCD_ELEMENTS_GIVEN_RANGE, compile=1, bolero=1, bounded_kani=0, full_kani=0
FIND_SUM_MODULO_K_FIRST_N_NATURAL_NUMBER_1, compile=1, bolero=1, bounded_kani=0, full_kani=0
NUMBER_IS_DIVISIBLE_BY_29_OR_NOT, compile=1, bolero=0, bounded_kani=0, full_kani=0
WAYS_TO_WRITE_N_AS_SUM_OF_TWO_OR_MORE_POSITIVE_INTEGERS, compile=1, bolero=1, bounded_kani=1, full_kani=0
FIND_WHETHER_GIVEN_INTEGER_POWER_3_NOT, compile=1, bolero=1, bounded_kani=0, full_kani=0
PROGRAM_CHECK_ARRAY_SORTED_NOT_ITERATIVE_RECURSIVE_1, compile=1, bolero=0, bounded_kani=0, full_kani=0
SUM_NODES_K_TH_LEVEL_TREE_REPRESENTED_STRING, compile=1, bolero=1, bounded_kani=1, full_kani=1
CHECK_LARGE_NUMBER_DIVISIBLE_13_NOT, compile=1, bolero=1, bounded_kani=1, full_kani=1
MAXIMUM_SUM_PAIRS_SPECIFIC_DIFFERENCE, compile=1, bolero=1, bounded_kani=0, full_kani=0
PROGRAM_TO_FIND_REMAINDER_WITHOUT_USING_MODULO_OR_OPERATOR_2, compile=1, bolero=1, bounded_kani=0, full_kani=0
MINIMUM_INSERTIONS_TO_FORM_A_PALINDROME_WITH_PERMUTATIONS_ALLOWED, compile=1, bolero=1, bounded_kani=1, full_kani=1
COUNT_ROTATIONS_DIVISIBLE_4, compile=1, bolero=1, bounded_kani=1, full_kani=1
CHECK_IF_ALL_THE_ELEMENTS_CAN_BE_MADE_OF_SAME_PARITY_BY_INVERTING_ADJACENT_ELEMENTS, compile=1, bolero=1, bounded_kani=0, full_kani=0
MAXIMUM_CONSECUTIVE_REPEATING_CHARACTER_STRING_1, compile=1, bolero=0, bounded_kani=0, full_kani=0
MAXIMUM_SUM_ALTERNATING_SUBSEQUENCE_SUM, compile=1, bolero=1, bounded_kani=0, full_kani=0
MINIMUM_TIME_WRITE_CHARACTERS_USING_INSERT_DELETE_COPY_OPERATION, compile=1, bolero=1, bounded_kani=1, full_kani=0
PROGRAM_CHECK_ARRAY_SORTED_NOT_ITERATIVE_RECURSIVE, compile=1, bolero=0, bounded_kani=0, full_kani=0
FIND_NUMBER_PERFECT_SQUARES_TWO_GIVEN_NUMBERS, compile=1, bolero=1, bounded_kani=0, full_kani=0
COUNT_DERANGEMENTS_PERMUTATION_SUCH_THAT_NO_ELEMENT_APPEARS_IN_ITS_ORIGINAL_POSITION_1, compile=1, bolero=1, bounded_kani=1, full_kani=0
PAPER_CUT_MINIMUM_NUMBER_SQUARES, compile=1, bolero=1, bounded_kani=0, full_kani=0
MAXIMIZE_VOLUME_CUBOID_GIVEN_SUM_SIDES_1, compile=1, bolero=1, bounded_kani=0, full_kani=0
QUERIES_COUNTS_ARRAY_ELEMENTS_VALUES_GIVEN_RANGE, compile=1, bolero=1, bounded_kani=0, full_kani=0
FIRST_UPPERCASE_LETTER_IN_A_STRING_ITERATIVE_AND_RECURSIVE, compile=1, bolero=0, bounded_kani=0, full_kani=0
COUNT_PAIRS_DIFFERENCE_EQUAL_K_1, compile=1, bolero=0, bounded_kani=0, full_kani=0
C_PROGRAM_FACTORIAL_NUMBER_1, compile=1, bolero=0, bounded_kani=0, full_kani=0
EULERIAN_NUMBER_1, compile=1, bolero=1, bounded_kani=1, full_kani=0
SMALLEST_OF_THREE_INTEGERS_WITHOUT_COMPARISON_OPERATORS, compile=1, bolero=1, bounded_kani=1, full_kani=0
COUNT_PALINDROMIC_SUBSEQUENCE_GIVEN_STRING, compile=1, bolero=1, bounded_kani=1, full_kani=1
FLOOR_IN_A_SORTED_ARRAY_1, compile=1, bolero=0, bounded_kani=0, full_kani=0
ANALYSIS_OF_ALGORITHMS_SET_2_ASYMPTOTIC_ANALYSIS, compile=1, bolero=1, bounded_kani=0, full_kani=0
CHOCOLATE_DISTRIBUTION_PROBLEM, compile=1, bolero=0, bounded_kani=0, full_kani=0
FINDING_POWER_PRIME_NUMBER_P_N, compile=1, bolero=1, bounded_kani=0, full_kani=0
AREA_SQUARE_CIRCUMSCRIBED_CIRCLE, compile=1, bolero=1, bounded_kani=0, full_kani=0
FIND_WHETHER_A_GIVEN_NUMBER_IS_A_POWER_OF_4_OR_NOT_2, compile=1, bolero=0, bounded_kani=0, full_kani=0
COMPOSITE_NUMBER, compile=1, bolero=1, bounded_kani=0, full_kani=0
FIND_THE_MAXIMUM_SUBARRAY_XOR_IN_A_GIVEN_ARRAY, compile=1, bolero=0, bounded_kani=0, full_kani=0
MINIMUM_ROTATIONS_UNLOCK_CIRCULAR_LOCK, compile=0, bolero=0, bounded_kani=0, full_kani=0
HOW_TO_CHECK_IF_A_GIVEN_ARRAY_REPRESENTS_A_BINARY_HEAP_1, compile=1, bolero=0, bounded_kani=0, full_kani=0
MINIMAL_OPERATIONS_MAKE_NUMBER_MAGICAL, compile=1, bolero=1, bounded_kani=1, full_kani=1
FIND_UNIT_DIGIT_X_RAISED_POWER_Y, compile=1, bolero=1, bounded_kani=1, full_kani=0
LONGEST_REPEATED_SUBSEQUENCE_1, compile=0, bolero=0, bounded_kani=0, full_kani=0
COUNT_POSSIBLE_GROUPS_SIZE_2_3_SUM_MULTIPLE_3, compile=1, bolero=0, bounded_kani=0, full_kani=0
SPACE_OPTIMIZED_SOLUTION_LCS, compile=1, bolero=0, bounded_kani=0, full_kani=0
LCS_FORMED_CONSECUTIVE_SEGMENTS_LEAST_LENGTH_K, compile=0, bolero=0, bounded_kani=0, full_kani=0
STEINS_ALGORITHM_FOR_FINDING_GCD_1, compile=1, bolero=1, bounded_kani=0, full_kani=0
COST_BALANCE_PARANTHESES, compile=0, bolero=0, bounded_kani=0, full_kani=0
PROGRAM_PRINT_SUM_GIVEN_NTH_TERM, compile=1, bolero=1, bounded_kani=1, full_kani=0
COUNT_NUMBER_OF_OCCURRENCES_OR_FREQUENCY_IN_A_SORTED_ARRAY, compile=1, bolero=1, bounded_kani=0, full_kani=0
TAIL_RECURSION_FIBONACCI, compile=1, bolero=1, bounded_kani=1, full_kani=0
N_TH_TERM_SERIES_2_12_36_80_150, compile=1, bolero=1, bounded_kani=0, full_kani=0
GIVEN_TWO_STRINGS_FIND_FIRST_STRING_SUBSEQUENCE_SECOND, compile=1, bolero=0, bounded_kani=0, full_kani=0
LONGEST_INCREASING_SUBSEQUENCE_1, compile=1, bolero=0, bounded_kani=0, full_kani=0
COUNT_NUMBER_WAYS_REACH_GIVEN_SCORE_GAME, compile=1, bolero=1, bounded_kani=1, full_kani=0
DYNAMIC_PROGRAMMING_HIGH_EFFORT_VS_LOW_EFFORT_TASKS_PROBLEM, compile=1, bolero=0, bounded_kani=0, full_kani=0
NUMBER_SUBSEQUENCES_STRING_DIVISIBLE_N, compile=1, bolero=1, bounded_kani=1, full_kani=1
COUNT_OF_SUB_STRINGS_THAT_DO_NOT_CONTAIN_ALL_THE_CHARACTERS_FROM_THE_SET_A_B_C_AT_THE_SAME_TIME, compile=1, bolero=0, bounded_kani=0, full_kani=0
SUM_TWO_LARGE_NUMBERS_1, compile=0, bolero=0, bounded_kani=0, full_kani=0
MAXIMUM_NUMBER_SEGMENTS_LENGTHS_B_C, compile=1, bolero=1, bounded_kani=1, full_kani=0
NON_REPEATING_ELEMENT, compile=1, bolero=0, bounded_kani=0, full_kani=0
LENGTH_OF_THE_LONGEST_ARITHMATIC_PROGRESSION_IN_A_SORTED_ARRAY, compile=1, bolero=0, bounded_kani=0, full_kani=0
SUM_SERIES_ALTERNATE_SIGNED_SQUARES_AP_1, compile=1, bolero=0, bounded_kani=0, full_kani=0
LONGEST_COMMON_SUBSTRING_SPACE_OPTIMIZED_DP_SOLUTION, compile=0, bolero=0, bounded_kani=0, full_kani=0
COUNT_EVEN_LENGTH_BINARY_SEQUENCES_WITH_SAME_SUM_OF_FIRST_AND_SECOND_HALF_BITS_1, compile=1, bolero=1, bounded_kani=0, full_kani=0
DICE_THROW_PROBLEM, compile=1, bolero=1, bounded_kani=1, full_kani=0
COUNT_NUMBER_OF_WAYS_TO_FILL_A_N_X_4_GRID_USING_1_X_4_TILES, compile=1, bolero=1, bounded_kani=1, full_kani=0
PYTHON_PROGRAM_FIND_PERIMETER_CIRCUMFERENCE_SQUARE_RECTANGLE_1, compile=1, bolero=1, bounded_kani=0, full_kani=0
DYNAMIC_PROGRAMMING_SET_15_LONGEST_BITONIC_SUBSEQUENCE, compile=1, bolero=1, bounded_kani=0, full_kani=0
SUM_MANHATTAN_DISTANCES_PAIRS_POINTS, compile=0, bolero=0, bounded_kani=0, full_kani=0
FIND_MAXIMUM_PRODUCT_OF_A_TRIPLET_IN_ARRAY, compile=1, bolero=0, bounded_kani=0, full_kani=0
FIND_THE_MISSING_NUMBER_1, compile=1, bolero=1, bounded_kani=0, full_kani=0
SUM_PAIRWISE_PRODUCTS_2, compile=1, bolero=1, bounded_kani=1, full_kani=0
FIND_THE_ELEMENT_BEFORE_WHICH_ALL_THE_ELEMENTS_ARE_SMALLER_THAN_IT_AND_AFTER_WHICH_ALL_ARE_GREATER_THAN_IT, compile=1, bolero=0, bounded_kani=0, full_kani=0
FIND_THREE_ELEMENT_FROM_DIFFERENT_THREE_ARRAYS_SUCH_THAT_THAT_A_B_C_K, compile=1, bolero=0, bounded_kani=0, full_kani=0
MAXIMUM_SUM_PAIRS_SPECIFIC_DIFFERENCE_1, compile=1, bolero=0, bounded_kani=0, full_kani=0
TOTAL_NUMBER_OF_NON_DECREASING_NUMBERS_WITH_N_DIGITS, compile=0, bolero=0, bounded_kani=0, full_kani=0
PRIME_NUMBERS, compile=1, bolero=1, bounded_kani=0, full_kani=0
PRINT_WORDS_STRING_REVERSE_ORDER, compile=1, bolero=0, bounded_kani=0, full_kani=0
LONGEST_REPEATING_AND_NON_OVERLAPPING_SUBSTRING, compile=0, bolero=0, bounded_kani=0, full_kani=0
NUMBER_SUBSEQUENCES_FORM_AI_BJ_CK, compile=1, bolero=1, bounded_kani=1, full_kani=1
SORT_ARRAY_CONTAIN_1_N_VALUES, compile=1, bolero=0, bounded_kani=0, full_kani=0
PROGRAM_COUNT_OCCURRENCE_GIVEN_CHARACTER_STRING, compile=1, bolero=1, bounded_kani=1, full_kani=1
FIND_PERIMETER_CYLINDER, compile=1, bolero=1, bounded_kani=0, full_kani=0
POLICEMEN_CATCH_THIEVES, compile=1, bolero=0, bounded_kani=0, full_kani=0
DISTRIBUTING_M_ITEMS_CIRCLE_SIZE_N_STARTING_K_TH_POSITION, compile=1, bolero=1, bounded_kani=0, full_kani=0
COUNT_FACTORIAL_NUMBERS_IN_A_GIVEN_RANGE, compile=1, bolero=0, bounded_kani=0, full_kani=0
DIFFERENT_WAYS_SUM_N_USING_NUMBERS_GREATER_EQUAL_M, compile=1, bolero=1, bounded_kani=1, full_kani=0
CHECK_GIVEN_SENTENCE_GIVEN_SET_SIMPLE_GRAMMER_RULES, compile=1, bolero=0, bounded_kani=0, full_kani=0
COUNT_FREQUENCY_K_MATRIX_SIZE_N_MATRIXI_J_IJ, compile=1, bolero=1, bounded_kani=0, full_kani=0
NEXT_POWER_OF_2, compile=1, bolero=0, bounded_kani=0, full_kani=0
COUNT_DISTINCT_NON_NEGATIVE_PAIRS_X_Y_SATISFY_INEQUALITY_XX_YY_N_2, compile=1, bolero=1, bounded_kani=1, full_kani=0
COUNT_FIBONACCI_NUMBERS_GIVEN_RANGE_LOG_TIME, compile=1, bolero=1, bounded_kani=0, full_kani=0
MAXIMIZE_SUM_ARRII, compile=1, bolero=1, bounded_kani=0, full_kani=0
CHECK_NUMBER_POWER_K_USING_BASE_CHANGING_METHOD, compile=1, bolero=0, bounded_kani=0, full_kani=0
HORNERS_METHOD_POLYNOMIAL_EVALUATION, compile=1, bolero=0, bounded_kani=0, full_kani=0
SUM_PAIRWISE_PRODUCTS, compile=1, bolero=1, bounded_kani=1, full_kani=0
SQUARED_TRIANGULAR_NUMBER_SUM_CUBES, compile=1, bolero=1, bounded_kani=0, full_kani=0
MAXIMUM_EQULIBRIUM_SUM_ARRAY, compile=1, bolero=0, bounded_kani=0, full_kani=0
NUMBER_N_DIGITS_NON_DECREASING_INTEGERS, compile=1, bolero=1, bounded_kani=1, full_kani=0
CHECK_IF_A_GIVEN_ARRAY_CAN_REPRESENT_PREORDER_TRAVERSAL_OF_BINARY_SEARCH_TREE, compile=1, bolero=0, bounded_kani=0, full_kani=0
FIND_INDEX_GIVEN_FIBONACCI_NUMBER_CONSTANT_TIME, compile=1, bolero=1, bounded_kani=0, full_kani=0
SUM_PAIRWISE_PRODUCTS_1, compile=1, bolero=1, bounded_kani=1, full_kani=0
DISTRIBUTING_ITEMS_PERSON_CANNOT_TAKE_TWO_ITEMS_TYPE, compile=1, bolero=0, bounded_kani=0, full_kani=0
MINIMUM_PRODUCT_SUBSET_ARRAY, compile=1, bolero=0, bounded_kani=0, full_kani=0
FIRST_UPPERCASE_LETTER_IN_A_STRING_ITERATIVE_AND_RECURSIVE_1, compile=1, bolero=0, bounded_kani=0, full_kani=0
MAXIMUM_TRIPLET_SUM_ARRAY, compile=1, bolero=1, bounded_kani=0, full_kani=0
COMPUTE_MODULUS_DIVISION_BY_A_POWER_OF_2_NUMBER, compile=1, bolero=0, bounded_kani=0, full_kani=0
DYNAMIC_PROGRAMMING_SET_8_MATRIX_CHAIN_MULTIPLICATION_1, compile=1, bolero=0, bounded_kani=0, full_kani=0
SWAP_TWO_NIBBLES_BYTE, compile=1, bolero=1, bounded_kani=0, full_kani=0
PROGRAM_OCTAL_DECIMAL_CONVERSION, compile=1, bolero=1, bounded_kani=0, full_kani=0
SEARCH_AN_ELEMENT_IN_A_SORTED_AND_PIVOTED_ARRAY, compile=1, bolero=0, bounded_kani=0, full_kani=0
MAXIMUM_NUMBER_2X2_SQUARES_CAN_FIT_INSIDE_RIGHT_ISOSCELES_TRIANGLE, compile=1, bolero=1, bounded_kani=0, full_kani=0
SUM_K_TH_GROUP_ODD_POSITIVE_NUMBERS_1, compile=1, bolero=1, bounded_kani=0, full_kani=0
CHANGE_BITS_CAN_MADE_ONE_FLIP_1, compile=1, bolero=0, bounded_kani=0, full_kani=0
SMALLEST_POWER_OF_2_GREATER_THAN_OR_EQUAL_TO_N_2, compile=1, bolero=0, bounded_kani=0, full_kani=0
FIND_THE_ELEMENT_THAT_APPEARS_ONCE, compile=1, bolero=1, bounded_kani=0, full_kani=0
CHECK_LARGE_NUMBER_DIVISIBLE_6_NOT, compile=1, bolero=1, bounded_kani=1, full_kani=1
FIND_PATTERNS_101_GIVEN_STRING, compile=1, bolero=1, bounded_kani=1, full_kani=1
SMALLEST_OF_THREE_INTEGERS_WITHOUT_COMPARISON_OPERATORS_1, compile=1, bolero=1, bounded_kani=0, full_kani=0
MAXIMUM_NUMBER_OF_SQUARES_THAT_CAN_BE_FIT_IN_A_RIGHT_ANGLE_ISOSCELES_TRIANGLE, compile=1, bolero=1, bounded_kani=0, full_kani=0
REMOVE_MINIMUM_ELEMENTS_EITHER_SIDE_2MIN_MAX, compile=1, bolero=0, bounded_kani=0, full_kani=0
PARTITION_INTO_TWO_SUBARRAYS_OF_LENGTHS_K_AND_N_K_SUCH_THAT_THE_DIFFERENCE_OF_SUMS_IS_MAXIMUM, compile=1, bolero=0, bounded_kani=0, full_kani=0
PROGRAM_TO_FIND_REMAINDER_WITHOUT_USING_MODULO_OR_OPERATOR_1, compile=1, bolero=1, bounded_kani=0, full_kani=0
FIND_MAXIMUM_SUM_POSSIBLE_EQUAL_SUM_THREE_STACKS, compile=1, bolero=0, bounded_kani=0, full_kani=0
SMALLEST_POWER_OF_2_GREATER_THAN_OR_EQUAL_TO_N, compile=0, bolero=0, bounded_kani=0, full_kani=0
NUMBER_RECTANGLES_NM_GRID, compile=1, bolero=1, bounded_kani=0, full_kani=0
SUBSEQUENCES_SIZE_THREE_ARRAY_WHOSE_SUM_DIVISIBLE_M, compile=1, bolero=0, bounded_kani=0, full_kani=0
TRIANGULAR_NUMBERS, compile=1, bolero=1, bounded_kani=0, full_kani=0
GIVEN_TWO_STRINGS_FIND_FIRST_STRING_SUBSEQUENCE_SECOND_1, compile=1, bolero=0, bounded_kani=0, full_kani=0
NUMBER_ORDERED_PAIRS_AI_AJ_0, compile=1, bolero=0, bounded_kani=0, full_kani=0
ELEMENTS_TO_BE_ADDED_SO_THAT_ALL_ELEMENTS_OF_A_RANGE_ARE_PRESENT_IN_ARRAY, compile=1, bolero=0, bounded_kani=0, full_kani=0
COUNT_TOTAL_SET_BITS_IN_ALL_NUMBERS_FROM_1_TO_N, compile=1, bolero=1, bounded_kani=1, full_kani=0
SMALLEST_DIFFERENCE_PAIR_VALUES_TWO_UNSORTED_ARRAYS, compile=0, bolero=0, bounded_kani=0, full_kani=0
SEARCH_INSERT_AND_DELETE_IN_AN_UNSORTED_ARRAY, compile=1, bolero=0, bounded_kani=0, full_kani=0
UNBOUNDED_KNAPSACK_REPETITION_ITEMS_ALLOWED, compile=1, bolero=1, bounded_kani=0, full_kani=0
CHECK_STRING_CAN_OBTAINED_ROTATING_ANOTHER_STRING_2_PLACES, compile=1, bolero=0, bounded_kani=0, full_kani=0
CHECK_TWO_GIVEN_CIRCLES_TOUCH_INTERSECT, compile=1, bolero=0, bounded_kani=0, full_kani=0
MAXIMUM_SUM_IARRI_AMONG_ROTATIONS_GIVEN_ARRAY_1, compile=1, bolero=0, bounded_kani=0, full_kani=0
COUNT_MINIMUM_NUMBER_SUBSETS_SUBSEQUENCES_CONSECUTIVE_NUMBERS, compile=0, bolero=0, bounded_kani=0, full_kani=0
CALCULATE_ANGLE_HOUR_HAND_MINUTE_HAND, compile=0, bolero=0, bounded_kani=0, full_kani=0
POSSIBLE_FORM_TRIANGLE_ARRAY_VALUES, compile=1, bolero=0, bounded_kani=0, full_kani=0
MINIMUM_CHARACTERS_ADDED_FRONT_MAKE_STRING_PALINDROME, compile=1, bolero=1, bounded_kani=1, full_kani=1
BASIC_AND_EXTENDED_EUCLIDEAN_ALGORITHMS, compile=1, bolero=1, bounded_kani=0, full_kani=0
FIND_THE_NUMBER_OCCURRING_ODD_NUMBER_OF_TIMES_2, compile=1, bolero=1, bounded_kani=0, full_kani=0
MINIMUM_SUM_SUBSEQUENCE_LEAST_ONE_EVERY_FOUR_CONSECUTIVE_ELEMENTS_PICKED_1, compile=1, bolero=0, bounded_kani=0, full_kani=0
MAKE_LARGEST_PALINDROME_CHANGING_K_DIGITS, compile=0, bolero=0, bounded_kani=0, full_kani=0
COUNT_DISTINCT_OCCURRENCES_AS_A_SUBSEQUENCE, compile=1, bolero=0, bounded_kani=0, full_kani=0
CHECK_REVERSING_SUB_ARRAY_MAKE_ARRAY_SORTED, compile=0, bolero=0, bounded_kani=0, full_kani=0
DYNAMIC_PROGRAMMING_SET_3_LONGEST_INCREASING_SUBSEQUENCE_1, compile=1, bolero=0, bounded_kani=0, full_kani=0
MAXIMUM_LENGTH_SUBSEQUENCE_DIFFERENCE_ADJACENT_ELEMENTS_EITHER_0_1, compile=1, bolero=1, bounded_kani=1, full_kani=0
FIND_A_ROTATION_WITH_MAXIMUM_HAMMING_DISTANCE, compile=1, bolero=0, bounded_kani=0, full_kani=0
CHECK_ARRAY_CONTAINS_CONTIGUOUS_INTEGERS_DUPLICATES_ALLOWED, compile=1, bolero=0, bounded_kani=0, full_kani=0
SUM_TWO_LARGE_NUMBERS, compile=0, bolero=0, bounded_kani=0, full_kani=0
PRINT_A_CLOSEST_STRING_THAT_DOES_NOT_CONTAIN_ADJACENT_DUPLICATES, compile=0, bolero=0, bounded_kani=0, full_kani=0
PRIMALITY_TEST_SET_1_INTRODUCTION_AND_SCHOOL_METHOD, compile=1, bolero=1, bounded_kani=0, full_kani=0
DYNAMIC_PROGRAMMING_SET_28_MINIMUM_INSERTIONS_TO_FORM_A_PALINDROME, compile=1, bolero=0, bounded_kani=0, full_kani=0
MAXIMUM_NUMBER_CHARACTERS_TWO_CHARACTER_STRING, compile=0, bolero=0, bounded_kani=0, full_kani=0
MINIMUM_COST_CUT_BOARD_SQUARES, compile=1, bolero=0, bounded_kani=0, full_kani=0
LENGTH_LONGEST_BALANCED_SUBSEQUENCE_1, compile=0, bolero=0, bounded_kani=0, full_kani=0
FIND_THE_FIRST_MISSING_NUMBER, compile=1, bolero=0, bounded_kani=0, full_kani=0
LARGEST_SUBSEQUENCE_GCD_GREATER_1, compile=1, bolero=1, bounded_kani=0, full_kani=0
COUNT_DISTINCT_NON_NEGATIVE_PAIRS_X_Y_SATISFY_INEQUALITY_XX_YY_N_2_1, compile=1, bolero=1, bounded_kani=0, full_kani=0
HIGHWAY_BILLBOARD_PROBLEM, compile=1, bolero=1, bounded_kani=1, full_kani=0
WAYS_REMOVE_ONE_ELEMENT_BINARY_STRING_XOR_BECOMES_ZERO, compile=1, bolero=1, bounded_kani=1, full_kani=1
MAXIMIZE_VOLUME_CUBOID_GIVEN_SUM_SIDES, compile=1, bolero=1, bounded_kani=1, full_kani=0
DYNAMIC_PROGRAMMING_SET_13_CUTTING_A_ROD, compile=1, bolero=1, bounded_kani=0, full_kani=0
COUNT_NATURAL_NUMBERS_WHOSE_PERMUTATION_GREATER_NUMBER, compile=1, bolero=1, bounded_kani=0, full_kani=0
MAXIMUM_REMOVAL_FROM_ARRAY_WHEN_REMOVAL_TIME_WAITING_TIME, compile=1, bolero=0, bounded_kani=0, full_kani=0
MODULAR_EXPONENTIATION_POWER_IN_MODULAR_ARITHMETIC, compile=1, bolero=1, bounded_kani=0, full_kani=0
DYNAMIC_PROGRAMMING_SET_37_BOOLEAN_PARENTHESIZATION_PROBLEM, compile=0, bolero=0, bounded_kani=0, full_kani=0
FIND_THE_LARGEST_SUBARRAY_WITH_0_SUM, compile=1, bolero=0, bounded_kani=0, full_kani=0
NUMBER_NON_NEGATIVE_INTEGRAL_SOLUTIONS_B_C_N_1, compile=1, bolero=1, bounded_kani=0, full_kani=0
SEARCH_AN_ELEMENT_IN_AN_ARRAY_WHERE_DIFFERENCE_BETWEEN_ADJACENT_ELEMENTS_IS_1, compile=1, bolero=1, bounded_kani=0, full_kani=0
SUBSET_SUM_PROBLEM_OSUM_SPACE, compile=1, bolero=0, bounded_kani=0, full_kani=0
HOW_TO_BEGIN_WITH_COMPETITIVE_PROGRAMMING, compile=1, bolero=0, bounded_kani=0, full_kani=0
FREQUENT_ELEMENT_ARRAY, compile=1, bolero=0, bounded_kani=0, full_kani=0
PRODUCT_NODES_K_TH_LEVEL_TREE_REPRESENTED_STRING, compile=1, bolero=1, bounded_kani=1, full_kani=1
PYTHON_PROGRAM_FIND_PERIMETER_CIRCUMFERENCE_SQUARE_RECTANGLE, compile=1, bolero=1, bounded_kani=0, full_kani=0
COUNTING_PAIRS_PERSON_CAN_FORM_PAIR_ONE_1, compile=1, bolero=1, bounded_kani=1, full_kani=0
PROGRAM_FIND_REMAINDER_LARGE_NUMBER_DIVIDED_11, compile=1, bolero=1, bounded_kani=1, full_kani=1
FIND_THE_MAXIMUM_ELEMENT_IN_AN_ARRAY_WHICH_IS_FIRST_INCREASING_AND_THEN_DECREASING, compile=1, bolero=1, bounded_kani=0, full_kani=0
DELANNOY_NUMBER_1, compile=1, bolero=1, bounded_kani=1, full_kani=0
FIND_WHETHER_A_GIVEN_NUMBER_IS_A_POWER_OF_4_OR_NOT_1, compile=1, bolero=1, bounded_kani=0, full_kani=0
TURN_OFF_THE_RIGHTMOST_SET_BIT, compile=1, bolero=0, bounded_kani=0, full_kani=0
K_NUMBERS_DIFFERENCE_MAXIMUM_MINIMUM_K_NUMBER_MINIMIZED, compile=1, bolero=1, bounded_kani=0, full_kani=0
WAYS_TRANSFORMING_ONE_STRING_REMOVING_0_CHARACTERS, compile=1, bolero=0, bounded_kani=0, full_kani=0
CHECK_LARGE_NUMBER_DIVISIBLE_3_NOT, compile=1, bolero=0, bounded_kani=0, full_kani=0
MAXIMUM_SUM_SUBARRAY_REMOVING_ONE_ELEMENT, compile=0, bolero=0, bounded_kani=0, full_kani=0
FORM_SMALLEST_NUMBER_USING_ONE_SWAP_OPERATION, compile=0, bolero=0, bounded_kani=0, full_kani=0
DYNAMIC_PROGRAMMING_SET_14_MAXIMUM_SUM_INCREASING_SUBSEQUENCE, compile=1, bolero=0, bounded_kani=0, full_kani=0
MINIMIZE_THE_MAXIMUM_DIFFERENCE_BETWEEN_THE_HEIGHTS, compile=1, bolero=0, bounded_kani=0, full_kani=0
FIND_FIRST_NATURAL_NUMBER_WHOSE_FACTORIAL_DIVISIBLE_X, compile=1, bolero=1, bounded_kani=0, full_kani=0
COIN_GAME_WINNER_EVERY_PLAYER_THREE_CHOICES, compile=1, bolero=1, bounded_kani=1, full_kani=0
STRING_CONTAINING_FIRST_LETTER_EVERY_WORD_GIVEN_STRING_SPACES, compile=1, bolero=0, bounded_kani=0, full_kani=0
PROGRAM_TO_FIND_THE_VOLUME_OF_A_TRIANGULAR_PRISM, compile=1, bolero=0, bounded_kani=0, full_kani=0
SPLIT_N_MAXIMUM_COMPOSITE_NUMBERS, compile=1, bolero=1, bounded_kani=0, full_kani=0
LONGEST_PALINDROME_SUBSEQUENCE_SPACE, compile=1, bolero=1, bounded_kani=1, full_kani=1
LEONARDO_NUMBER_1, compile=1, bolero=1, bounded_kani=1, full_kani=0
EQUILIBRIUM_INDEX_OF_AN_ARRAY_1, compile=1, bolero=0, bounded_kani=0, full_kani=0
MINIMUM_SUM_PRODUCT_TWO_ARRAYS, compile=0, bolero=0, bounded_kani=0, full_kani=0
COUNT_TRAILING_ZEROES_FACTORIAL_NUMBER, compile=1, bolero=1, bounded_kani=0, full_kani=0
FIND_EXPRESSION_DUPLICATE_PARENTHESIS_NOT, compile=0, bolero=0, bounded_kani=0, full_kani=0
SMALLEST_SUBSET_SUM_GREATER_ELEMENTS, compile=1, bolero=1, bounded_kani=0, full_kani=0
SCHEDULE_JOBS_SERVER_GETS_EQUAL_LOAD, compile=0, bolero=0, bounded_kani=0, full_kani=0
GIVEN_A_SORTED_AND_ROTATED_ARRAY_FIND_IF_THERE_IS_A_PAIR_WITH_A_GIVEN_SUM, compile=1, bolero=1, bounded_kani=0, full_kani=0
CEILING_IN_A_SORTED_ARRAY_1, compile=1, bolero=0, bounded_kani=0, full_kani=0
PAIR_WITH_GIVEN_PRODUCT_SET_1_FIND_IF_ANY_PAIR_EXISTS, compile=1, bolero=0, bounded_kani=0, full_kani=0
CHECK_IF_X_CAN_GIVE_CHANGE_TO_EVERY_PERSON_IN_THE_QUEUE, compile=1, bolero=0, bounded_kani=0, full_kani=0
NUMBER_NON_NEGATIVE_INTEGRAL_SOLUTIONS_B_C_N, compile=1, bolero=1, bounded_kani=1, full_kani=0
DOUBLE_FACTORIAL, compile=1, bolero=0, bounded_kani=0, full_kani=0
MAXIMUM_POSSIBLE_DIFFERENCE_TWO_SUBSETS_ARRAY, compile=1, bolero=0, bounded_kani=0, full_kani=0
SEQUENCES_GIVEN_LENGTH_EVERY_ELEMENT_EQUAL_TWICE_PREVIOUS, compile=1, bolero=1, bounded_kani=0, full_kani=0
DYCK_PATH, compile=1, bolero=0, bounded_kani=0, full_kani=0
NUMBER_WHICH_HAS_THE_MAXIMUM_NUMBER_OF_DISTINCT_PRIME_FACTORS_IN_RANGE_M_TO_N, compile=1, bolero=1, bounded_kani=1, full_kani=0
ONE_LINE_FUNCTION_FOR_FACTORIAL_OF_A_NUMBER, compile=1, bolero=1, bounded_kani=1, full_kani=0
COUNT_NUMBER_OF_WAYS_TO_COVER_A_DISTANCE_1, compile=1, bolero=1, bounded_kani=0, full_kani=0
COMPUTE_AVERAGE_TWO_NUMBERS_WITHOUT_OVERFLOW, compile=1, bolero=1, bounded_kani=0, full_kani=0
LONGEST_COMMON_INCREASING_SUBSEQUENCE_LCS_LIS, compile=1, bolero=1, bounded_kani=0, full_kani=0
MINIMUM_NUMBER_OF_JUMPS_TO_REACH_END_OF_A_GIVEN_ARRAY_1, compile=1, bolero=1, bounded_kani=0, full_kani=0
MAXIMUM_TRIPLET_SUM_ARRAY_1, compile=1, bolero=1, bounded_kani=0, full_kani=0
FIND_N_TH_ELEMENT_FROM_STERNS_DIATOMIC_SERIES, compile=1, bolero=1, bounded_kani=1, full_kani=0
FUNCTION_COPY_STRING_ITERATIVE_RECURSIVE_1, compile=1, bolero=0, bounded_kani=0, full_kani=0
EULERS_CRITERION_CHECK_IF_SQUARE_ROOT_UNDER_MODULO_P_EXISTS, compile=1, bolero=1, bounded_kani=0, full_kani=0
EFFICIENTLY_FIND_FIRST_REPEATED_CHARACTER_STRING_WITHOUT_USING_ADDITIONAL_DATA_STRUCTURE_ONE_TRAVERSAL, compile=1, bolero=1, bounded_kani=1, full_kani=1
POSITION_ELEMENT_STABLE_SORT, compile=1, bolero=0, bounded_kani=0, full_kani=0
FIND_MAXIMUM_AVERAGE_SUBARRAY_OF_K_LENGTH_1, compile=1, bolero=0, bounded_kani=0, full_kani=0
MAXIMUM_SUBARRAY_SUM_USING_PREFIX_SUM, compile=1, bolero=0, bounded_kani=0, full_kani=0
CHECK_STRING_FOLLOWS_ANBN_PATTERN_NOT, compile=1, bolero=1, bounded_kani=1, full_kani=1
EFFICIENT_SEARCH_IN_AN_ARRAY_WHERE_DIFFERENCE_BETWEEN_ADJACENT_IS_1, compile=1, bolero=1, bounded_kani=0, full_kani=0
CEILING_IN_A_SORTED_ARRAY, compile=1, bolero=0, bounded_kani=0, full_kani=0
FIND_MAXIMUM_AVERAGE_SUBARRAY_OF_K_LENGTH, compile=1, bolero=0, bounded_kani=0, full_kani=0
FIBONACCI_MODULO_P, compile=1, bolero=1, bounded_kani=1, full_kani=0
C_PROGRAM_FACTORIAL_NUMBER, compile=1, bolero=0, bounded_kani=0, full_kani=0
MINIMUM_NUMBER_OF_BRACKET_REVERSALS_NEEDED_TO_MAKE_AN_EXPRESSION_BALANCED, compile=0, bolero=0, bounded_kani=0, full_kani=0
MINIMUM_STEPS_MINIMIZE_N_PER_GIVEN_CONDITION, compile=1, bolero=1, bounded_kani=1, full_kani=0
FIND_MINIMUM_DIFFERENCE_PAIR, compile=1, bolero=0, bounded_kani=0, full_kani=0
MINIMUM_SUM_CHOOSING_MINIMUM_PAIRS_ARRAY, compile=1, bolero=0, bounded_kani=0, full_kani=0
CHECK_WHETHER_GIVEN_DEGREES_VERTICES_REPRESENT_GRAPH_TREE, compile=1, bolero=0, bounded_kani=0, full_kani=0
PROGRAM_AREA_SQUARE, compile=1, bolero=1, bounded_kani=0, full_kani=0
CHECK_WHETHER_ARITHMETIC_PROGRESSION_CAN_FORMED_GIVEN_ARRAY, compile=1, bolero=0, bounded_kani=0, full_kani=0
EVEN_FIBONACCI_NUMBERS_SUM, compile=1, bolero=1, bounded_kani=0, full_kani=0
PROGRAM_CALCULATE_VOLUME_ELLIPSOID, compile=1, bolero=0, bounded_kani=0, full_kani=0
SUM_BINOMIAL_COEFFICIENTS, compile=1, bolero=1, bounded_kani=1, full_kani=0
MAXIMUM_SUM_SUBSEQUENCE_LEAST_K_DISTANT_ELEMENTS, compile=1, bolero=0, bounded_kani=0, full_kani=0
CONVERTING_ONE_STRING_USING_APPEND_DELETE_LAST_OPERATIONS, compile=1, bolero=0, bounded_kani=0, full_kani=0
REMAINDER_7_LARGE_NUMBERS, compile=1, bolero=1, bounded_kani=1, full_kani=1
COUNT_SET_BITS_IN_AN_INTEGER_3, compile=1, bolero=1, bounded_kani=0, full_kani=0
LENGTH_LONGEST_BALANCED_SUBSEQUENCE, compile=1, bolero=0, bounded_kani=0, full_kani=0
TILING_WITH_DOMINOES, compile=0, bolero=0, bounded_kani=0, full_kani=0
FIND_MINIMUM_DIFFERENCE_PAIR_1, compile=1, bolero=0, bounded_kani=0, full_kani=0
PANGRAM_CHECKING, compile=1, bolero=0, bounded_kani=0, full_kani=0
DIVISIBILITY_BY_7, compile=1, bolero=1, bounded_kani=0, full_kani=0
MIN_FLIPS_OF_CONTINUOUS_CHARACTERS_TO_MAKE_ALL_CHARACTERS_SAME_IN_A_STRING, compile=1, bolero=0, bounded_kani=0, full_kani=0
CHECK_WHETHER_GIVEN_NUMBER_EVEN_ODD, compile=1, bolero=1, bounded_kani=0, full_kani=0
MINIMUM_INSERTIONS_SORT_ARRAY, compile=1, bolero=1, bounded_kani=1, full_kani=0
MINIMUM_NUMBER_SUBSETS_DISTINCT_ELEMENTS, compile=1, bolero=0, bounded_kani=0, full_kani=0
SPACE_OPTIMIZED_DP_SOLUTION_0_1_KNAPSACK_PROBLEM_1, compile=1, bolero=1, bounded_kani=0, full_kani=0
SUM_SQUARES_BINOMIAL_COEFFICIENTS, compile=1, bolero=1, bounded_kani=1, full_kani=0
DECIMAL_REPRESENTATION_GIVEN_BINARY_STRING_DIVISIBLE_10_NOT, compile=1, bolero=1, bounded_kani=1, full_kani=1
SEQUENCES_GIVEN_LENGTH_EVERY_ELEMENT_EQUAL_TWICE_PREVIOUS_1, compile=1, bolero=1, bounded_kani=1, full_kani=0
MAXIMUM_BINOMIAL_COEFFICIENT_TERM_VALUE, compile=1, bolero=1, bounded_kani=1, full_kani=0
CHECK_IF_A_NUMBER_IS_POWER_OF_ANOTHER_NUMBER, compile=1, bolero=0, bounded_kani=0, full_kani=0
PIZZA_CUT_PROBLEM_CIRCLE_DIVISION_LINES, compile=1, bolero=1, bounded_kani=1, full_kani=0
DYNAMIC_PROGRAMMING_SET_10_0_1_KNAPSACK_PROBLEM, compile=1, bolero=0, bounded_kani=0, full_kani=0
SUM_MATRIX_ELEMENT_ELEMENT_INTEGER_DIVISION_ROW_COLUMN_1, compile=1, bolero=1, bounded_kani=1, full_kani=0
FIND_EQUAL_POINT_STRING_BRACKETS, compile=1, bolero=1, bounded_kani=1, full_kani=1
CALCULATE_SUM_OF_ALL_NUMBERS_PRESENT_IN_A_STRING, compile=1, bolero=1, bounded_kani=1, full_kani=1
HOW_TO_TURN_OFF_A_PARTICULAR_BIT_IN_A_NUMBER, compile=1, bolero=1, bounded_kani=0, full_kani=0
DIVISIBILITY_BY_12_FOR_A_LARGE_NUMBER, compile=1, bolero=1, bounded_kani=0, full_kani=0
MINIMUM_TIME_TO_FINISH_TASKS_WITHOUT_SKIPPING_TWO_CONSECUTIVE, compile=1, bolero=0, bounded_kani=0, full_kani=0
MAXIMUM_POINTS_INTERSECTION_N_CIRCLES, compile=1, bolero=1, bounded_kani=0, full_kani=0
ARRAY_ELEMENT_MOVED_K_USING_SINGLE_MOVES, compile=1, bolero=1, bounded_kani=0, full_kani=0
COUNT_POSSIBLE_WAYS_TO_CONSTRUCT_BUILDINGS, compile=1, bolero=1, bounded_kani=1, full_kani=0
SCHEDULE_ELEVATOR_TO_REDUCE_THE_TOTAL_TIME_TAKEN, compile=1, bolero=0, bounded_kani=0, full_kani=0
BIN_PACKING_PROBLEM_MINIMIZE_NUMBER_OF_USED_BINS, compile=1, bolero=0, bounded_kani=0, full_kani=0
NUMBER_OF_TRIANGLES_IN_A_PLANE_IF_NO_MORE_THAN_TWO_POINTS_ARE_COLLINEAR, compile=1, bolero=1, bounded_kani=0, full_kani=0
COMPUTE_AVERAGE_TWO_NUMBERS_WITHOUT_OVERFLOW_1, compile=1, bolero=1, bounded_kani=0, full_kani=0
ZECKENDORFS_THEOREM_NON_NEIGHBOURING_FIBONACCI_REPRESENTATION, compile=1, bolero=1, bounded_kani=0, full_kani=0
COUNT_SUBARRAYS_WITH_SAME_EVEN_AND_ODD_ELEMENTS, compile=1, bolero=1, bounded_kani=0, full_kani=0
CHECK_REVERSING_SUB_ARRAY_MAKE_ARRAY_SORTED_1, compile=1, bolero=0, bounded_kani=0, full_kani=0
PROGRAMMING_PUZZLE_ASSIGN_VALUE_WITHOUT_CONTROL_STATEMENT, compile=0, bolero=0, bounded_kani=0, full_kani=0
MAXIMUM_SUBSEQUENCE_SUM_SUCH_THAT_NO_THREE_ARE_CONSECUTIVE, compile=1, bolero=0, bounded_kani=0, full_kani=0
COUNT_INDEX_PAIRS_EQUAL_ELEMENTS_ARRAY, compile=1, bolero=1, bounded_kani=0, full_kani=0
MINIMUM_XOR_VALUE_PAIR, compile=1, bolero=0, bounded_kani=0, full_kani=0
BREAKING_NUMBER_FIRST_PART_INTEGRAL_DIVISION_SECOND_POWER_10, compile=1, bolero=0, bounded_kani=0, full_kani=0
CHECK_GIVEN_STRING_CAN_SPLIT_FOUR_DISTINCT_STRINGS, compile=1, bolero=1, bounded_kani=1, full_kani=1
CHECK_IF_A_NUMBER_IS_JUMBLED_OR_NOT, compile=1, bolero=1, bounded_kani=0, full_kani=0
MAXIMUM_POSSIBLE_DIFFERENCE_TWO_SUBSETS_ARRAY_1, compile=1, bolero=0, bounded_kani=0, full_kani=0
SUM_DIVISORS_1_N_1, compile=1, bolero=1, bounded_kani=1, full_kani=0
CHECK_WHETHER_TRIANGLE_VALID_NOT_SIDES_GIVEN, compile=1, bolero=1, bounded_kani=0, full_kani=0
REARRANGE_ARRAY_MAXIMUM_MINIMUM_FORM_SET_2_O1_EXTRA_SPACE_1, compile=1, bolero=0, bounded_kani=0, full_kani=0
CHANGE_BITS_CAN_MADE_ONE_FLIP, compile=1, bolero=1, bounded_kani=1, full_kani=1
ADD_TWO_NUMBERS_WITHOUT_USING_ARITHMETIC_OPERATORS, compile=1, bolero=1, bounded_kani=0, full_kani=0
QUICK_WAY_CHECK_CHARACTERS_STRING, compile=1, bolero=1, bounded_kani=1, full_kani=1
SWAP_ALL_ODD_AND_EVEN_BITS, compile=1, bolero=0, bounded_kani=0, full_kani=0
SUM_BINOMIAL_COEFFICIENTS_1, compile=1, bolero=1, bounded_kani=0, full_kani=0
SUM_SERIES_23_45_67_89_UPTO_N_TERMS, compile=1, bolero=0, bounded_kani=0, full_kani=0
FRIENDS_PAIRING_PROBLEM, compile=1, bolero=1, bounded_kani=1, full_kani=0
CHECK_INTEGER_OVERFLOW_MULTIPLICATION, compile=1, bolero=1, bounded_kani=0, full_kani=0
SORT_EVEN_PLACED_ELEMENTS_INCREASING_ODD_PLACED_DECREASING_ORDER, compile=1, bolero=0, bounded_kani=0, full_kani=0
CALCULATE_MAXIMUM_VALUE_USING_SIGN_TWO_NUMBERS_STRING, compile=1, bolero=1, bounded_kani=1, full_kani=1
MINIMUM_SUM_SUBSEQUENCE_LEAST_ONE_EVERY_FOUR_CONSECUTIVE_ELEMENTS_PICKED, compile=1, bolero=0, bounded_kani=0, full_kani=0
SUM_FIBONACCI_NUMBERS, compile=1, bolero=1, bounded_kani=1, full_kani=0
MAXIMIZE_SUM_CONSECUTIVE_DIFFERENCES_CIRCULAR_ARRAY, compile=1, bolero=0, bounded_kani=0, full_kani=0
PROGRAM_FOR_DEADLOCK_FREE_CONDITION_IN_OPERATING_SYSTEM, compile=1, bolero=1, bounded_kani=0, full_kani=0
COUNT_STRINGS_WITH_CONSECUTIVE_1S, compile=1, bolero=0, bounded_kani=0, full_kani=0
FIND_MINIMUM_SUM_FACTORS_NUMBER, compile=1, bolero=1, bounded_kani=0, full_kani=0
MAKING_ELEMENTS_OF_TWO_ARRAYS_SAME_WITH_MINIMUM_INCREMENTDECREMENT, compile=1, bolero=0, bounded_kani=0, full_kani=0
FRIENDS_PAIRING_PROBLEM_2, compile=1, bolero=1, bounded_kani=1, full_kani=0
FIND_SUM_EVEN_INDEX_BINOMIAL_COEFFICIENTS_1, compile=1, bolero=1, bounded_kani=0, full_kani=0
SUM_MATRIX_ELEMENT_ABSOLUTE_DIFFERENCE_ROW_COLUMN_NUMBERS, compile=1, bolero=1, bounded_kani=1, full_kani=0
LARGEST_SUM_CONTIGUOUS_SUBARRAY_2, compile=1, bolero=0, bounded_kani=0, full_kani=0
FIND_THE_NUMBER_OCCURRING_ODD_NUMBER_OF_TIMES, compile=1, bolero=0, bounded_kani=0, full_kani=0
FIND_A_FIXED_POINT_IN_A_GIVEN_ARRAY_1, compile=1, bolero=0, bounded_kani=0, full_kani=0
MAXIMIZE_ARRAY_ELEMENTS_UPTO_GIVEN_NUMBER, compile=0, bolero=0, bounded_kani=0, full_kani=0
PROGRAM_BINARY_DECIMAL_CONVERSION_1, compile=1, bolero=1, bounded_kani=1, full_kani=1
MAXIMUM_PROFIT_BY_BUYING_AND_SELLING_A_SHARE_AT_MOST_TWICE, compile=1, bolero=1, bounded_kani=0, full_kani=0
WRITE_A_C_PROGRAM_TO_FIND_THE_PARITY_OF_AN_UNSIGNED_INTEGER, compile=0, bolero=0, bounded_kani=0, full_kani=0
SUM_AREA_RECTANGLES_POSSIBLE_ARRAY, compile=0, bolero=0, bounded_kani=0, full_kani=0
SORT_ARRAY_TWO_HALVES_SORTED, compile=1, bolero=0, bounded_kani=0, full_kani=0
FORM_MINIMUM_NUMBER_FROM_GIVEN_SEQUENCE_1, compile=0, bolero=0, bounded_kani=0, full_kani=0
COUNT_NUMBER_PAIRS_N_B_N_GCD_B_B, compile=1, bolero=1, bounded_kani=0, full_kani=0
FIND_MAXIMUM_DOT_PRODUCT_TWO_ARRAYS_INSERTION_0S, compile=1, bolero=0, bounded_kani=0, full_kani=0
MINIMUM_STEPS_TO_DELETE_A_STRING_AFTER_REPEATED_DELETION_OF_PALINDROME_SUBSTRINGS, compile=1, bolero=1, bounded_kani=1, full_kani=1
MAXIMUM_VALUE_CHOICE_EITHER_DIVIDING_CONSIDERING, compile=1, bolero=1, bounded_kani=1, full_kani=0
FIND_THE_MISSING_NUMBER_2, compile=1, bolero=1, bounded_kani=0, full_kani=0
FIND_MAXIMUM_PRODUCT_OF_A_TRIPLET_IN_ARRAY_1, compile=1, bolero=1, bounded_kani=0, full_kani=0
CHECK_DIVISIBILITY_BINARY_STRING_2K, compile=1, bolero=0, bounded_kani=0, full_kani=0
COMPUTE_N_UNDER_MODULO_P, compile=1, bolero=1, bounded_kani=0, full_kani=0
SUM_K_TH_GROUP_ODD_POSITIVE_NUMBERS, compile=1, bolero=1, bounded_kani=1, full_kani=0
COUNT_NUMBER_INCREASING_SUBSEQUENCES_SIZE_K, compile=1, bolero=0, bounded_kani=0, full_kani=0
MINIMUM_COST_MAKE_ARRAY_SIZE_1_REMOVING_LARGER_PAIRS, compile=1, bolero=1, bounded_kani=0, full_kani=0
MAXIMUM_SUBARRAY_SUM_ARRAY_CREATED_REPEATED_CONCATENATION, compile=1, bolero=0, bounded_kani=0, full_kani=0
MINIMUM_SUM_TWO_NUMBERS_FORMED_DIGITS_ARRAY_2, compile=1, bolero=0, bounded_kani=0, full_kani=0
FIND_MAXIMUM_HEIGHT_PYRAMID_FROM_THE_GIVEN_ARRAY_OF_OBJECTS, compile=1, bolero=1, bounded_kani=0, full_kani=0
PYTHAGOREAN_QUADRUPLE, compile=1, bolero=1, bounded_kani=0, full_kani=0
RECURSIVE_PROGRAM_PRIME_NUMBER, compile=1, bolero=1, bounded_kani=0, full_kani=0
COUNT_NUMBER_BINARY_STRINGS_WITHOUT_CONSECUTIVE_1S, compile=1, bolero=1, bounded_kani=1, full_kani=0
COUNT_PAIRS_TWO_SORTED_ARRAYS_WHOSE_SUM_EQUAL_GIVEN_VALUE_X_2, compile=1, bolero=1, bounded_kani=0, full_kani=0
CHECK_WHETHER_GIVEN_NUMBER_EVEN_ODD_1, compile=1, bolero=1, bounded_kani=0, full_kani=0
CHECK_LINE_PASSES_ORIGIN, compile=1, bolero=0, bounded_kani=0, full_kani=0
COUNT_NUMBERS_CAN_CONSTRUCTED_USING_TWO_NUMBERS, compile=1, bolero=0, bounded_kani=0, full_kani=0
SEARCH_ALMOST_SORTED_ARRAY, compile=1, bolero=0, bounded_kani=0, full_kani=0
COUNT_OF_OCCURRENCES_OF_A_101_PATTERN_IN_A_STRING, compile=1, bolero=1, bounded_kani=1, full_kani=1
FIND_MINIMUM_ELEMENT_IN_A_SORTED_AND_ROTATED_ARRAY, compile=1, bolero=0, bounded_kani=0, full_kani=0
MINIMUM_DIFFERENCE_MAX_MIN_K_SIZE_SUBSETS, compile=1, bolero=1, bounded_kani=0, full_kani=0
SORT_EVEN_NUMBERS_ASCENDING_ORDER_SORT_ODD_NUMBERS_DESCENDING_ORDER_1, compile=1, bolero=0, bounded_kani=0, full_kani=0
FIND_SMALLEST_VALUE_REPRESENTED_SUM_SUBSET_GIVEN_ARRAY, compile=1, bolero=1, bounded_kani=0, full_kani=0
MINIMUM_COST_CONNECT_WEIGHTED_NODES_REPRESENTED_ARRAY, compile=1, bolero=0, bounded_kani=0, full_kani=0
DYNAMIC_PROGRAMMING_SET_11_EGG_DROPPING_PUZZLE_1, compile=1, bolero=1, bounded_kani=1, full_kani=0
MULTIPLY_AN_INTEGER_WITH_3_5, compile=1, bolero=1, bounded_kani=0, full_kani=0
NUMBER_SUBSEQUENCES_AB_STRING_REPEATED_K_TIMES, compile=1, bolero=1, bounded_kani=1, full_kani=1
MAXIMUM_PRODUCT_SUBSET_ARRAY, compile=1, bolero=0, bounded_kani=0, full_kani=0
FIND_MINIMUM_RADIUS_ATLEAST_K_POINT_LIE_INSIDE_CIRCLE, compile=1, bolero=1, bounded_kani=0, full_kani=0
PROGRAM_TO_FIND_REMAINDER_WITHOUT_USING_MODULO_OR_OPERATOR, compile=1, bolero=1, bounded_kani=0, full_kani=0
SPLIT_ARRAY_ADD_FIRST_PART_END, compile=1, bolero=0, bounded_kani=0, full_kani=0