FIND_THE_MINIMUM_DISTANCE_BETWEEN_TWO_NUMBERS, compile=1, bolero=0, bounded_kani=0, full_kani=0
FIND_ONE_EXTRA_CHARACTER_STRING_1, compile=1, bolero=0, bounded_kani=0, full_kani=0
FIND_SUM_ODD_FACTORS_NUMBER, compile=1, bolero=1, bounded_kani=0, full_kani=0
HYPERCUBE_GRAPH, compile=1, bolero=0, bounded_kani=0, full_kani=0
LOWER_INSERTION_POINT, compile=1, bolero=0, bounded_kani=0, full_kani=0
LARGEST_SUBARRAY_WITH_EQUAL_NUMBER_OF_0S_AND_1S, compile=1, bolero=1, bounded_kani=0, full_kani=0
SWAP_BITS_IN_A_GIVEN_NUMBER, compile=1, bolero=0, bounded_kani=0, full_kani=0
MINIMIZE_THE_SUM_OF_DIGITS_OF_A_AND_B_SUCH_THAT_A_B_N, compile=1, bolero=1, bounded_kani=0, full_kani=0
MINIMUM_LENGTH_SUBARRAY_SUM_GREATER_GIVEN_VALUE_1, compile=1, bolero=0, bounded_kani=0, full_kani=0
CHECK_GIVEN_STRING_ROTATION_PALINDROME, compile=1, bolero=1, bounded_kani=1, full_kani=1
SMALLEST_SUM_CONTIGUOUS_SUBARRAY, compile=1, bolero=0, bounded_kani=0, full_kani=0
COUNT_INVERSIONS_OF_SIZE_THREE_IN_A_GIVE_ARRAY, compile=1, bolero=0, bounded_kani=0, full_kani=0
FIND_MINIMUM_NUMBER_DIVIDED_MAKE_NUMBER_PERFECT_SQUARE, compile=0, bolero=0, bounded_kani=0, full_kani=0
PROGRAM_FIND_SMALLEST_DIFFERENCE_ANGLES_TWO_PARTS_GIVEN_CIRCLE, compile=1, bolero=0, bounded_kani=0, full_kani=0
PROBABILITY_THREE_RANDOMLY_CHOSEN_NUMBERS_AP, compile=1, bolero=1, bounded_kani=0, full_kani=0
MINIMUM_NUMBER_PLATFORMS_REQUIRED_RAILWAYBUS_STATION, compile=1, bolero=1, bounded_kani=0, full_kani=0
DYNAMIC_PROGRAMMING_SET_8_MATRIX_CHAIN_MULTIPLICATION, compile=1, bolero=0, bounded_kani=0, full_kani=0
N_TH_NUMBER_WHOSE_SUM_OF_DIGITS_IS_TEN_1, compile=1, bolero=1, bounded_kani=1, full_kani=0
SUM_MATRIX_ELEMENT_ABSOLUTE_DIFFERENCE_ROW_COLUMN_NUMBERS_1, compile=1, bolero=1, bounded_kani=1, full_kani=0
PROGRAM_FIND_SLOPE_LINE, compile=1, bolero=0, bounded_kani=0, full_kani=0
CHECK_IF_STRING_REMAINS_PALINDROME_AFTER_REMOVING_GIVEN_NUMBER_OF_CHARACTERS, compile=1, bolero=1, bounded_kani=1, full_kani=1
COUNT_INVERSIONS_OF_SIZE_THREE_IN_A_GIVE_ARRAY_1, compile=1, bolero=0, bounded_kani=0, full_kani=0
NUMBER_SUBSTRINGS_STRING, compile=1, bolero=1, bounded_kani=1, full_kani=1
WRITE_YOU_OWN_POWER_WITHOUT_USING_MULTIPLICATION_AND_DIVISION, compile=1, bolero=1, bounded_kani=1, full_kani=0
K_TH_DIGIT_RAISED_POWER_B, compile=0, bolero=0, bounded_kani=0, full_kani=0
MEDIAN_OF_TWO_SORTED_ARRAYS, compile=0, bolero=0, bounded_kani=0, full_kani=0
TAIL_RECURSION, compile=1, bolero=0, bounded_kani=0, full_kani=0
FIND_NUMBER_PAIRS_ARRAY_XOR_0, compile=1, bolero=0, bounded_kani=0, full_kani=0
SUM_SERIES_12_32_52_2N_12, compile=1, bolero=1, bounded_kani=1, full_kani=0
COUNT_PAIRS_DIFFERENCE_EQUAL_K, compile=1, bolero=0, bounded_kani=0, full_kani=0
COUNT_POSSIBLE_PATHS_TOP_LEFT_BOTTOM_RIGHT_NXM_MATRIX_3, compile=1, bolero=1, bounded_kani=1, full_kani=0
SUM_MATRIX_ELEMENT_ABSOLUTE_DIFFERENCE_ROW_COLUMN_NUMBERS_2, compile=1, bolero=1, bounded_kani=0, full_kani=0
FIND_A_TRIPLET_THAT_SUM_TO_A_GIVEN_VALUE_1, compile=1, bolero=0, bounded_kani=0, full_kani=0
SQUARE_ROOT_OF_AN_INTEGER_1, compile=1, bolero=1, bounded_kani=0, full_kani=0
HOW_TO_COMPUTE_MOD_OF_A_BIG_NUMBER, compile=1, bolero=1, bounded_kani=1, full_kani=1
EFFICIENT_WAY_TO_MULTIPLY_WITH_7, compile=1, bolero=1, bounded_kani=0, full_kani=0
MINIMUM_PERIMETER_N_BLOCKS, compile=1, bolero=1, bounded_kani=0, full_kani=0
COUNT_SET_BITS_IN_AN_INTEGER, compile=0, bolero=0, bounded_kani=0, full_kani=0
BINARY_SEARCH, compile=1, bolero=0, bounded_kani=0, full_kani=0
COUNT_PAIRS_WHOSE_PRODUCTS_EXIST_IN_ARRAY, compile=1, bolero=1, bounded_kani=0, full_kani=0
POSITION_OF_RIGHTMOST_SET_BIT_1, compile=1, bolero=1, bounded_kani=0, full_kani=0
TRIANGULAR_MATCHSTICK_NUMBER, compile=1, bolero=1, bounded_kani=0, full_kani=0
MINIMIZE_SUM_PRODUCT_TWO_ARRAYS_PERMUTATIONS_ALLOWED, compile=1, bolero=0, bounded_kani=0, full_kani=0
COUNT_STRINGS_CAN_FORMED_USING_B_C_GIVEN_CONSTRAINTS_1, compile=1, bolero=1, bounded_kani=0, full_kani=0
CHECK_NUMBER_IS_PERFECT_SQUARE_USING_ADDITIONSUBTRACTION, compile=1, bolero=1, bounded_kani=0, full_kani=0
COUNT_PAIRS_TWO_SORTED_ARRAYS_WHOSE_SUM_EQUAL_GIVEN_VALUE_X, compile=1, bolero=1, bounded_kani=0, full_kani=0
PROGRAM_FOR_FACTORIAL_OF_A_NUMBER, compile=1, bolero=0, bounded_kani=0, full_kani=0
GIVEN_A_SORTED_AND_ROTATED_ARRAY_FIND_IF_THERE_IS_A_PAIR_WITH_A_GIVEN_SUM_1, compile=1, bolero=0, bounded_kani=0, full_kani=0
TOTAL_NUMBER_OF_NON_DECREASING_NUMBERS_WITH_N_DIGITS_1, compile=1, bolero=1, bounded_kani=1, full_kani=0
PROGRAM_FOR_FACTORIAL_OF_A_NUMBER_1, compile=1, bolero=0, bounded_kani=0, full_kani=0
SUM_SERIES_12_32_52_2N_12_1, compile=1, bolero=1, bounded_kani=0, full_kani=0
FIND_PAIR_WITH_GREATEST_PRODUCT_IN_ARRAY, compile=1, bolero=1, bounded_kani=0, full_kani=0
DIFFERENCE_BETWEEN_HIGHEST_AND_LEAST_FREQUENCIES_IN_AN_ARRAY, compile=0, bolero=0, bounded_kani=0, full_kani=0
MODULUS_TWO_FLOAT_DOUBLE_NUMBERS, compile=1, bolero=1, bounded_kani=1, full_kani=1
PRODUCT_MAXIMUM_FIRST_ARRAY_MINIMUM_SECOND, compile=1, bolero=0, bounded_kani=0, full_kani=0
MINIMUM_SUM_TWO_NUMBERS_FORMED_DIGITS_ARRAY, compile=1, bolero=0, bounded_kani=0, full_kani=0
RECURSIVELY_BREAK_NUMBER_3_PARTS_GET_MAXIMUM_SUM, compile=1, bolero=1, bounded_kani=0, full_kani=0
NUMBER_OF_PAIRS_IN_AN_ARRAY_HAVING_SUM_EQUAL_TO_PRODUCT, compile=1, bolero=1, bounded_kani=0, full_kani=0
ADD_1_TO_A_GIVEN_NUMBER, compile=1, bolero=1, bounded_kani=0, full_kani=0
PRIMALITY_TEST_SET_1_INTRODUCTION_AND_SCHOOL_METHOD_1, compile=1, bolero=1, bounded_kani=0, full_kani=0
MINIMUM_LENGTH_SUBARRAY_SUM_GREATER_GIVEN_VALUE, compile=1, bolero=1, bounded_kani=0, full_kani=0
FAST_MULTIPLICATION_METHOD_WITHOUT_USING_MULTIPLICATION_OPERATOR_RUSSIAN_PEASANTS_ALGORITHM, compile=1, bolero=0, bounded_kani=0, full_kani=0
SUM_FACTORS_NUMBER, compile=1, bolero=1, bounded_kani=0, full_kani=0
COUNT_CHARACTERS_STRING_DISTANCE_ENGLISH_ALPHABETS, compile=0, bolero=0, bounded_kani=0, full_kani=0
TEMPLE_OFFERINGS, compile=0, bolero=0, bounded_kani=0, full_kani=0
CIRCLE_LATTICE_POINTS, compile=1, bolero=1, bounded_kani=0, full_kani=0
PROGRAM_CIRCUMFERENCE_PARALLELOGRAM, compile=1, bolero=0, bounded_kani=0, full_kani=0
COUNT_SUBSTRINGS_WITH_SAME_FIRST_AND_LAST_CHARACTERS, compile=1, bolero=1, bounded_kani=1, full_kani=1
FINDING_POWER_PRIME_NUMBER_P_N_1, compile=1, bolero=1, bounded_kani=0, full_kani=0
NUMBER_JUMP_REQUIRED_GIVEN_LENGTH_REACH_POINT_FORM_D_0_ORIGIN_2D_PLANE, compile=1, bolero=1, bounded_kani=0, full_kani=0
DYNAMIC_PROGRAMMING_SET_36_CUT_A_ROPE_TO_MAXIMIZE_PRODUCT_1, compile=1, bolero=1, bounded_kani=0, full_kani=0
ADD_1_TO_A_GIVEN_NUMBER_1, compile=1, bolero=1, bounded_kani=0, full_kani=0
MINIMUM_XOR_VALUE_PAIR_1, compile=0, bolero=0, bounded_kani=0, full_kani=0
SMALLEST_POWER_OF_2_GREATER_THAN_OR_EQUAL_TO_N_1, compile=1, bolero=0, bounded_kani=0, full_kani=0
CHECK_LARGE_NUMBER_DIVISIBLE_4_NOT, compile=1, bolero=0, bounded_kani=0, full_kani=0
COUNT_NUMBERS_THAT_DONT_CONTAIN_3, compile=1, bolero=1, bounded_kani=0, full_kani=0
FIND_SUM_MODULO_K_FIRST_N_NATURAL_NUMBER, compile=1, bolero=1, bounded_kani=1, full_kani=0
C_PROGRAM_FACTORIAL_NUMBER_2, compile=1, bolero=1, bounded_kani=1, full_kani=0
N_TH_NUMBER_WHOSE_SUM_OF_DIGITS_IS_TEN, compile=1, bolero=1, bounded_kani=1, full_kani=0
SEARCH_INSERT_AND_DELETE_IN_A_SORTED_ARRAY_1, compile=1, bolero=0, bounded_kani=0, full_kani=0
POSSIBLE_TO_MAKE_A_DIVISIBLE_BY_3_NUMBER_USING_ALL_DIGITS_IN_AN_ARRAY, compile=1, bolero=0, bounded_kani=0, full_kani=0
PAINTING_FENCE_ALGORITHM, compile=1, bolero=0, bounded_kani=0, full_kani=0
MIDDLE_OF_THREE_USING_MINIMUM_COMPARISONS_1, compile=1, bolero=0, bounded_kani=0, full_kani=0
WRITE_AN_EFFICIENT_METHOD_TO_CHECK_IF_A_NUMBER_IS_MULTIPLE_OF_3, compile=1, bolero=1, bounded_kani=0, full_kani=0
FIND_A_FIXED_POINT_IN_A_GIVEN_ARRAY, compile=1, bolero=1, bounded_kani=0, full_kani=0
NEXT_POWER_OF_2_1, compile=1, bolero=0, bounded_kani=0, full_kani=0
SQUARE_ROOT_OF_AN_INTEGER, compile=1, bolero=1, bounded_kani=0, full_kani=0
MAXIMUM_HEIGHT_OF_TRIANGULAR_ARRANGEMENT_OF_ARRAY_VALUES, compile=1, bolero=0, bounded_kani=0, full_kani=0
INTEGER_POSITIVE_VALUE_POSITIVE_NEGATIVE_VALUE_ARRAY_1, compile=1, bolero=0, bounded_kani=0, full_kani=0
AREA_OF_THE_CIRCLE_THAT_HAS_A_SQUARE_AND_A_CIRCLE_INSCRIBED_IN_IT, compile=1, bolero=0, bounded_kani=0, full_kani=0
CHECK_ARRAY_REPRESENTS_INORDER_BINARY_SEARCH_TREE_NOT, compile=1, bolero=1, bounded_kani=0, full_kani=0
FIND_THE_MINIMUM_DISTANCE_BETWEEN_TWO_NUMBERS_1, compile=0, bolero=0, bounded_kani=0, full_kani=0
NUMBER_INDEXES_EQUAL_ELEMENTS_GIVEN_RANGE, compile=1, bolero=0, bounded_kani=0, full_kani=0
CHECK_LARGE_NUMBER_DIVISIBLE_11_NOT, compile=1, bolero=1, bounded_kani=1, full_kani=1
PROGRAM_FOR_FACTORIAL_OF_A_NUMBER_2, compile=1, bolero=1, bounded_kani=1, full_kani=0
FIND_SUM_EVEN_FACTORS_NUMBER, compile=0, bolero=0, bounded_kani=0, full_kani=0
N_TH_NUMBER_WHOSE_SUM_OF_DIGITS_IS_TEN_2, compile=1, bolero=1, bounded_kani=0, full_kani=0
FIND_REPEATING_ELEMENT_SORTED_ARRAY_SIZE_N, compile=1, bolero=0, bounded_kani=0, full_kani=0
MIDDLE_OF_THREE_USING_MINIMUM_COMPARISONS, compile=1, bolero=1, bounded_kani=0, full_kani=0
DETECT_IF_TWO_INTEGERS_HAVE_OPPOSITE_SIGNS, compile=1, bolero=0, bounded_kani=0, full_kani=0
NTH_PENTAGONAL_NUMBER, compile=1, bolero=1, bounded_kani=0, full_kani=0
COUNT_OBTUSE_ANGLES_CIRCLE_K_EQUIDISTANT_POINTS_2_GIVEN_POINTS, compile=1, bolero=1, bounded_kani=0, full_kani=0
SQUARE_PYRAMIDAL_NUMBER_SUM_SQUARES, compile=1, bolero=1, bounded_kani=0, full_kani=0
K_TH_DISTINCT_OR_NON_REPEATING_ELEMENT_IN_AN_ARRAY, compile=1, bolero=0, bounded_kani=0, full_kani=0
COUNT_SET_BITS_IN_AN_INTEGER_1, compile=1, bolero=1, bounded_kani=0, full_kani=0
EQUILIBRIUM_INDEX_OF_AN_ARRAY, compile=1, bolero=0, bounded_kani=0, full_kani=0
PERFECT_REVERSIBLE_STRING, compile=1, bolero=1, bounded_kani=1, full_kani=1
ROUND_THE_GIVEN_NUMBER_TO_NEAREST_MULTIPLE_OF_10, compile=1, bolero=1, bounded_kani=0, full_kani=0
FIND_INDEX_OF_AN_EXTRA_ELEMENT_PRESENT_IN_ONE_SORTED_ARRAY_1, compile=1, bolero=0, bounded_kani=0, full_kani=0
SEARCHING_ARRAY_ADJACENT_DIFFER_K, compile=1, bolero=1, bounded_kani=0, full_kani=0
PROGRAM_BINARY_DECIMAL_CONVERSION, compile=1, bolero=1, bounded_kani=0, full_kani=0
NUMBER_DIGITS_PRODUCT_TWO_NUMBERS, compile=1, bolero=1, bounded_kani=0, full_kani=0
HOW_TO_CHECK_IF_A_GIVEN_ARRAY_REPRESENTS_A_BINARY_HEAP, compile=1, bolero=0, bounded_kani=0, full_kani=0
WRITE_ONE_LINE_C_FUNCTION_TO_FIND_WHETHER_A_NO_IS_POWER_OF_TWO, compile=1, bolero=1, bounded_kani=0, full_kani=0
NEXT_POWER_OF_2_2, compile=1, bolero=0, bounded_kani=0, full_kani=0
SEARCH_INSERT_AND_DELETE_IN_A_SORTED_ARRAY, compile=1, bolero=0, bounded_kani=0, full_kani=0
PADOVAN_SEQUENCE, compile=1, bolero=1, bounded_kani=1, full_kani=0
MIDDLE_OF_THREE_USING_MINIMUM_COMPARISONS_2, compile=1, bolero=1, bounded_kani=0, full_kani=0
FIND_ROTATION_COUNT_ROTATED_SORTED_ARRAY, compile=1, bolero=0, bounded_kani=0, full_kani=0
HEXAGONAL_NUMBER, compile=1, bolero=1, bounded_kani=0, full_kani=0
FIND_INDEX_OF_AN_EXTRA_ELEMENT_PRESENT_IN_ONE_SORTED_ARRAY, compile=1, bolero=1, bounded_kani=0, full_kani=0
MINIMUM_OPERATIONS_MAKE_GCD_ARRAY_MULTIPLE_K, compile=1, bolero=1, bounded_kani=0, full_kani=0
NTH_NON_FIBONACCI_NUMBER, compile=1, bolero=1, bounded_kani=0, full_kani=0
FIND_REPETITIVE_ELEMENT_1_N_1_2, compile=1, bolero=1, bounded_kani=0, full_kani=0
EFFICIENT_WAY_CHECK_WHETHER_N_TH_FIBONACCI_NUMBER_MULTIPLE_10, compile=1, bolero=0, bounded_kani=0, full_kani=0
FIND_ROTATION_COUNT_ROTATED_SORTED_ARRAY_1, compile=1, bolero=0, bounded_kani=0, full_kani=0
CHECK_LARGE_NUMBER_DIVISIBLE_9_NOT, compile=1, bolero=1, bounded_kani=1, full_kani=1
DIVISIBILITY_9_USING_BITWISE_OPERATORS, compile=1, bolero=1, bounded_kani=0, full_kani=0
SUM_MATRIX_ELEMENT_ELEMENT_INTEGER_DIVISION_ROW_COLUMN, compile=1, bolero=1, bounded_kani=1, full_kani=0
CHECK_OCCURRENCES_CHARACTER_APPEAR_TOGETHER, compile=1, bolero=1, bounded_kani=1, full_kani=1
CASSINIS_IDENTITY, compile=1, bolero=1, bounded_kani=0, full_kani=0
GCD_ELEMENTS_GIVEN_RANGE, compile=1, bolero=1, bounded_kani=0, full_kani=0
FIND_SUM_MODULO_K_FIRST_N_NATURAL_NUMBER_1, compile=1, bolero=1, bounded_kani=0, full_kani=0
FIND_WHETHER_GIVEN_INTEGER_POWER_3_NOT, compile=1, bolero=1, bounded_kani=0, full_kani=0
PROGRAM_CHECK_ARRAY_SORTED_NOT_ITERATIVE_RECURSIVE_1, compile=1, bolero=0, bounded_kani=0, full_kani=0
SUM_NODES_K_TH_LEVEL_TREE_REPRESENTED_STRING, compile=1, bolero=1, bounded_kani=1, full_kani=1
COUNT_DIGITS_FACTORIAL_SET_1, compile=1, bolero=1, bounded_kani=0, full_kani=0
PROGRAM_TO_FIND_REMAINDER_WITHOUT_USING_MODULO_OR_OPERATOR_2, compile=1, bolero=1, bounded_kani=0, full_kani=0
CHECK_IF_ALL_THE_ELEMENTS_CAN_BE_MADE_OF_SAME_PARITY_BY_INVERTING_ADJACENT_ELEMENTS, compile=1, bolero=1, bounded_kani=0, full_kani=0
FIND_INDEX_GIVEN_FIBONACCI_NUMBER_CONSTANT_TIME_1, compile=1, bolero=1, bounded_kani=0, full_kani=0
BIRTHDAY_PARADOX, compile=1, bolero=1, bounded_kani=1, full_kani=1
PROGRAM_CHECK_ARRAY_SORTED_NOT_ITERATIVE_RECURSIVE, compile=1, bolero=0, bounded_kani=0, full_kani=0
FIND_NUMBER_PERFECT_SQUARES_TWO_GIVEN_NUMBERS, compile=1, bolero=1, bounded_kani=0, full_kani=0
MAXIMIZE_VOLUME_CUBOID_GIVEN_SUM_SIDES_1, compile=1, bolero=1, bounded_kani=0, full_kani=0
QUERIES_COUNTS_ARRAY_ELEMENTS_VALUES_GIVEN_RANGE, compile=1, bolero=1, bounded_kani=0, full_kani=0
COUNT_PAIRS_DIFFERENCE_EQUAL_K_1, compile=1, bolero=0, bounded_kani=0, full_kani=0
C_PROGRAM_FACTORIAL_NUMBER_1, compile=1, bolero=0, bounded_kani=0, full_kani=0
NUMBER_UNIQUE_RECTANGLES_FORMED_USING_N_UNIT_SQUARES, compile=1, bolero=1, bounded_kani=0, full_kani=0
SMALLEST_OF_THREE_INTEGERS_WITHOUT_COMPARISON_OPERATORS, compile=1, bolero=1, bounded_kani=1, full_kani=0
FLOOR_IN_A_SORTED_ARRAY_1, compile=1, bolero=0, bounded_kani=0, full_kani=0
ANALYSIS_OF_ALGORITHMS_SET_2_ASYMPTOTIC_ANALYSIS, compile=1, bolero=1, bounded_kani=0, full_kani=0
CHOCOLATE_DISTRIBUTION_PROBLEM, compile=1, bolero=0, bounded_kani=0, full_kani=0
FINDING_POWER_PRIME_NUMBER_P_N, compile=1, bolero=1, bounded_kani=0, full_kani=0
AREA_SQUARE_CIRCUMSCRIBED_CIRCLE, compile=1, bolero=1, bounded_kani=0, full_kani=0
FIND_WHETHER_A_GIVEN_NUMBER_IS_A_POWER_OF_4_OR_NOT_2, compile=1, bolero=0, bounded_kani=0, full_kani=0
COMPOSITE_NUMBER, compile=1, bolero=1, bounded_kani=0, full_kani=0
MINIMUM_ROTATIONS_UNLOCK_CIRCULAR_LOCK, compile=0, bolero=0, bounded_kani=0, full_kani=0
HOW_TO_CHECK_IF_A_GIVEN_ARRAY_REPRESENTS_A_BINARY_HEAP_1, compile=1, bolero=0, bounded_kani=0, full_kani=0
FIND_UNIT_DIGIT_X_RAISED_POWER_Y, compile=1, bolero=1, bounded_kani=1, full_kani=0
STEINS_ALGORITHM_FOR_FINDING_GCD_1, compile=1, bolero=1, bounded_kani=0, full_kani=0
PROGRAM_PRINT_SUM_GIVEN_NTH_TERM, compile=1, bolero=1, bounded_kani=1, full_kani=0
N_TH_TERM_SERIES_2_12_36_80_150, compile=1, bolero=1, bounded_kani=0, full_kani=0
SUM_OF_ALL_PROPER_DIVISORS_OF_A_NATURAL_NUMBER, compile=1, bolero=1, bounded_kani=0, full_kani=0
DYNAMIC_PROGRAMMING_HIGH_EFFORT_VS_LOW_EFFORT_TASKS_PROBLEM, compile=1, bolero=0, bounded_kani=0, full_kani=0
NON_REPEATING_ELEMENT, compile=1, bolero=0, bounded_kani=0, full_kani=0
COUNT_EVEN_LENGTH_BINARY_SEQUENCES_WITH_SAME_SUM_OF_FIRST_AND_SECOND_HALF_BITS_1, compile=1, bolero=1, bounded_kani=0, full_kani=0
PYTHON_PROGRAM_FIND_PERIMETER_CIRCUMFERENCE_SQUARE_RECTANGLE_1, compile=1, bolero=1, bounded_kani=0, full_kani=0
CHECK_GIVEN_CIRCLE_LIES_COMPLETELY_INSIDE_RING_FORMED_TWO_CONCENTRIC_CIRCLES, compile=1, bolero=0, bounded_kani=0, full_kani=0
SUM_MANHATTAN_DISTANCES_PAIRS_POINTS, compile=0, bolero=0, bounded_kani=0, full_kani=0
PROGRAM_PRINT_SUM_GIVEN_NTH_TERM_1, compile=1, bolero=1, bounded_kani=0, full_kani=0
FIND_THE_MISSING_NUMBER_1, compile=1, bolero=1, bounded_kani=0, full_kani=0
SUM_PAIRWISE_PRODUCTS_2, compile=1, bolero=1, bounded_kani=1, full_kani=0
FIND_THREE_ELEMENT_FROM_DIFFERENT_THREE_ARRAYS_SUCH_THAT_THAT_A_B_C_K, compile=1, bolero=0, bounded_kani=0, full_kani=0
MAXIMUM_SUM_PAIRS_SPECIFIC_DIFFERENCE_1, compile=1, bolero=0, bounded_kani=0, full_kani=0
PRIME_NUMBERS, compile=1, bolero=1, bounded_kani=0, full_kani=0
PROGRAM_COUNT_OCCURRENCE_GIVEN_CHARACTER_STRING, compile=1, bolero=1, bounded_kani=1, full_kani=1
FIND_PERIMETER_CYLINDER, compile=1, bolero=1, bounded_kani=0, full_kani=0
FIND_UNIT_DIGIT_X_RAISED_POWER_Y_1, compile=1, bolero=1, bounded_kani=0, full_kani=0
DISTRIBUTING_M_ITEMS_CIRCLE_SIZE_N_STARTING_K_TH_POSITION, compile=1, bolero=1, bounded_kani=0, full_kani=0
COUNT_FACTORIAL_NUMBERS_IN_A_GIVEN_RANGE, compile=1, bolero=0, bounded_kani=0, full_kani=0
CALCULATE_AREA_TETRAHEDRON, compile=1, bolero=0, bounded_kani=0, full_kani=0
COUNT_FREQUENCY_K_MATRIX_SIZE_N_MATRIXI_J_IJ, compile=1, bolero=1, bounded_kani=0, full_kani=0
NEXT_POWER_OF_2, compile=1, bolero=0, bounded_kani=0, full_kani=0
COUNT_DISTINCT_NON_NEGATIVE_PAIRS_X_Y_SATISFY_INEQUALITY_XX_YY_N_2, compile=1, bolero=1, bounded_kani=1, full_kani=0
COUNT_FIBONACCI_NUMBERS_GIVEN_RANGE_LOG_TIME, compile=1, bolero=1, bounded_kani=0, full_kani=0
MAXIMIZE_SUM_ARRII, compile=1, bolero=1, bounded_kani=0, full_kani=0
CHECK_NUMBER_POWER_K_USING_BASE_CHANGING_METHOD, compile=1, bolero=0, bounded_kani=0, full_kani=0
HORNERS_METHOD_POLYNOMIAL_EVALUATION, compile=1, bolero=0, bounded_kani=0, full_kani=0
NUMBER_TRIANGLES_N_MOVES_1, compile=1, bolero=1, bounded_kani=0, full_kani=0
SUM_PAIRWISE_PRODUCTS, compile=1, bolero=1, bounded_kani=1, full_kani=0
SQUARED_TRIANGULAR_NUMBER_SUM_CUBES, compile=1, bolero=1, bounded_kani=0, full_kani=0
FIND_INDEX_GIVEN_FIBONACCI_NUMBER_CONSTANT_TIME, compile=1, bolero=1, bounded_kani=0, full_kani=0
SUM_PAIRWISE_PRODUCTS_1, compile=1, bolero=1, bounded_kani=1, full_kani=0
DISTRIBUTING_ITEMS_PERSON_CANNOT_TAKE_TWO_ITEMS_TYPE, compile=1, bolero=0, bounded_kani=0, full_kani=0
COMPUTE_MODULUS_DIVISION_BY_A_POWER_OF_2_NUMBER, compile=1, bolero=0, bounded_kani=0, full_kani=0
SWAP_TWO_NIBBLES_BYTE, compile=1, bolero=1, bounded_kani=0, full_kani=0
PROGRAM_OCTAL_DECIMAL_CONVERSION, compile=1, bolero=1, bounded_kani=0, full_kani=0
HEIGHT_COMPLETE_BINARY_TREE_HEAP_N_NODES, compile=1, bolero=1, bounded_kani=0, full_kani=0
MAXIMUM_NUMBER_2X2_SQUARES_CAN_FIT_INSIDE_RIGHT_ISOSCELES_TRIANGLE, compile=1, bolero=1, bounded_kani=0, full_kani=0
SUM_K_TH_GROUP_ODD_POSITIVE_NUMBERS_1, compile=1, bolero=1, bounded_kani=0, full_kani=0
CHANGE_BITS_CAN_MADE_ONE_FLIP_1, compile=1, bolero=0, bounded_kani=0, full_kani=0
SMALLEST_POWER_OF_2_GREATER_THAN_OR_EQUAL_TO_N_2, compile=1, bolero=0, bounded_kani=0, full_kani=0
AREA_OF_A_HEXAGON, compile=1, bolero=1, bounded_kani=1, full_kani=1
FIND_THE_ELEMENT_THAT_APPEARS_ONCE, compile=1, bolero=1, bounded_kani=0, full_kani=0
SMALLEST_OF_THREE_INTEGERS_WITHOUT_COMPARISON_OPERATORS_1, compile=1, bolero=1, bounded_kani=0, full_kani=0
MAXIMUM_NUMBER_OF_SQUARES_THAT_CAN_BE_FIT_IN_A_RIGHT_ANGLE_ISOSCELES_TRIANGLE, compile=1, bolero=1, bounded_kani=0, full_kani=0
CHECK_IF_A_NUMBER_IS_POWER_OF_ANOTHER_NUMBER_1, compile=1, bolero=0, bounded_kani=0, full_kani=0
SMALLEST_POWER_OF_2_GREATER_THAN_OR_EQUAL_TO_N, compile=0, bolero=0, bounded_kani=0, full_kani=0
NUMBER_RECTANGLES_NM_GRID, compile=1, bolero=1, bounded_kani=0, full_kani=0
SUBSEQUENCES_SIZE_THREE_ARRAY_WHOSE_SUM_DIVISIBLE_M, compile=1, bolero=0, bounded_kani=0, full_kani=0
TRIANGULAR_NUMBERS, compile=1, bolero=1, bounded_kani=0, full_kani=0
NUMBER_DIGITS_PRODUCT_TWO_NUMBERS_1, compile=1, bolero=1, bounded_kani=0, full_kani=0
NUMBER_ORDERED_PAIRS_AI_AJ_0, compile=1, bolero=0, bounded_kani=0, full_kani=0
ELEMENTS_TO_BE_ADDED_SO_THAT_ALL_ELEMENTS_OF_A_RANGE_ARE_PRESENT_IN_ARRAY, compile=1, bolero=0, bounded_kani=0, full_kani=0
SMALLEST_DIFFERENCE_PAIR_VALUES_TWO_UNSORTED_ARRAYS, compile=0, bolero=0, bounded_kani=0, full_kani=0
CALCULATING_FACTORIALS_USING_STIRLING_APPROXIMATION, compile=1, bolero=1, bounded_kani=0, full_kani=0
SEARCH_INSERT_AND_DELETE_IN_AN_UNSORTED_ARRAY, compile=1, bolero=0, bounded_kani=0, full_kani=0
CHECK_TWO_GIVEN_CIRCLES_TOUCH_INTERSECT, compile=1, bolero=0, bounded_kani=0, full_kani=0
MAXIMUM_SUM_IARRI_AMONG_ROTATIONS_GIVEN_ARRAY_1, compile=1, bolero=0, bounded_kani=0, full_kani=0
COUNT_MINIMUM_NUMBER_SUBSETS_SUBSEQUENCES_CONSECUTIVE_NUMBERS, compile=0, bolero=0, bounded_kani=0, full_kani=0
CALCULATE_ANGLE_HOUR_HAND_MINUTE_HAND, compile=0, bolero=0, bounded_kani=0, full_kani=0
MINIMUM_CHARACTERS_ADDED_FRONT_MAKE_STRING_PALINDROME, compile=1, bolero=1, bounded_kani=1, full_kani=1
BASIC_AND_EXTENDED_EUCLIDEAN_ALGORITHMS, compile=1, bolero=1, bounded_kani=0, full_kani=0
FIND_THE_NUMBER_OCCURRING_ODD_NUMBER_OF_TIMES_2, compile=1, bolero=1, bounded_kani=0, full_kani=0
PRIMALITY_TEST_SET_1_INTRODUCTION_AND_SCHOOL_METHOD, compile=1, bolero=1, bounded_kani=0, full_kani=0
FIND_THE_FIRST_MISSING_NUMBER, compile=1, bolero=0, bounded_kani=0, full_kani=0
COUNT_DISTINCT_NON_NEGATIVE_PAIRS_X_Y_SATISFY_INEQUALITY_XX_YY_N_2_1, compile=1, bolero=1, bounded_kani=0, full_kani=0
WAYS_REMOVE_ONE_ELEMENT_BINARY_STRING_XOR_BECOMES_ZERO, compile=1, bolero=1, bounded_kani=1, full_kani=1
MAXIMIZE_VOLUME_CUBOID_GIVEN_SUM_SIDES, compile=1, bolero=1, bounded_kani=1, full_kani=0
MAXIMUM_REMOVAL_FROM_ARRAY_WHEN_REMOVAL_TIME_WAITING_TIME, compile=1, bolero=0, bounded_kani=0, full_kani=0
MODULAR_EXPONENTIATION_POWER_IN_MODULAR_ARITHMETIC, compile=1, bolero=1, bounded_kani=0, full_kani=0
HARDY_RAMANUJAN_THEOREM, compile=0, bolero=0, bounded_kani=0, full_kani=0
FIND_THE_LARGEST_SUBARRAY_WITH_0_SUM, compile=1, bolero=0, bounded_kani=0, full_kani=0
NUMBER_NON_NEGATIVE_INTEGRAL_SOLUTIONS_B_C_N_1, compile=1, bolero=1, bounded_kani=0, full_kani=0
HOW_TO_BEGIN_WITH_COMPETITIVE_PROGRAMMING, compile=1, bolero=0, bounded_kani=0, full_kani=0
FREQUENT_ELEMENT_ARRAY, compile=1, bolero=0, bounded_kani=0, full_kani=0
PRODUCT_NODES_K_TH_LEVEL_TREE_REPRESENTED_STRING, compile=1, bolero=1, bounded_kani=1, full_kani=1
PYTHON_PROGRAM_FIND_PERIMETER_CIRCUMFERENCE_SQUARE_RECTANGLE, compile=1, bolero=1, bounded_kani=0, full_kani=0
PROGRAM_FIND_REMAINDER_LARGE_NUMBER_DIVIDED_11, compile=1, bolero=1, bounded_kani=1, full_kani=1
FIND_THE_MAXIMUM_ELEMENT_IN_AN_ARRAY_WHICH_IS_FIRST_INCREASING_AND_THEN_DECREASING, compile=1, bolero=1, bounded_kani=0, full_kani=0
FIND_WHETHER_A_GIVEN_NUMBER_IS_A_POWER_OF_4_OR_NOT_1, compile=1, bolero=1, bounded_kani=0, full_kani=0
TURN_OFF_THE_RIGHTMOST_SET_BIT, compile=1, bolero=0, bounded_kani=0, full_kani=0
CHECK_LARGE_NUMBER_DIVISIBLE_3_NOT, compile=1, bolero=0, bounded_kani=0, full_kani=0
SUM_FACTORS_NUMBER_1, compile=0, bolero=0, bounded_kani=0, full_kani=0
PROGRAM_CALCULATE_AREA_OCTAGON, compile=1, bolero=1, bounded_kani=1, full_kani=1
FIND_FIRST_NATURAL_NUMBER_WHOSE_FACTORIAL_DIVISIBLE_X, compile=1, bolero=1, bounded_kani=0, full_kani=0
PROGRAM_TO_FIND_THE_VOLUME_OF_A_TRIANGULAR_PRISM, compile=1, bolero=0, bounded_kani=0, full_kani=0
EQUILIBRIUM_INDEX_OF_AN_ARRAY_1, compile=1, bolero=0, bounded_kani=0, full_kani=0
MINIMUM_SUM_PRODUCT_TWO_ARRAYS, compile=0, bolero=0, bounded_kani=0, full_kani=0
PROGRAM_FOR_SURFACE_AREA_OF_OCTAHEDRON, compile=1, bolero=1, bounded_kani=1, full_kani=1
COUNT_TRAILING_ZEROES_FACTORIAL_NUMBER, compile=1, bolero=1, bounded_kani=0, full_kani=0
GIVEN_A_SORTED_AND_ROTATED_ARRAY_FIND_IF_THERE_IS_A_PAIR_WITH_A_GIVEN_SUM, compile=1, bolero=1, bounded_kani=0, full_kani=0
CEILING_IN_A_SORTED_ARRAY_1, compile=1, bolero=0, bounded_kani=0, full_kani=0
PAIR_WITH_GIVEN_PRODUCT_SET_1_FIND_IF_ANY_PAIR_EXISTS, compile=1, bolero=0, bounded_kani=0, full_kani=0
CHECK_IF_X_CAN_GIVE_CHANGE_TO_EVERY_PERSON_IN_THE_QUEUE, compile=1, bolero=0, bounded_kani=0, full_kani=0
NUMBER_NON_NEGATIVE_INTEGRAL_SOLUTIONS_B_C_N, compile=1, bolero=1, bounded_kani=1, full_kani=0
DOUBLE_FACTORIAL, compile=1, bolero=0, bounded_kani=0, full_kani=0
MAXIMUM_POSSIBLE_DIFFERENCE_TWO_SUBSETS_ARRAY, compile=1, bolero=0, bounded_kani=0, full_kani=0
SEQUENCES_GIVEN_LENGTH_EVERY_ELEMENT_EQUAL_TWICE_PREVIOUS, compile=1, bolero=1, bounded_kani=0, full_kani=0
DYCK_PATH, compile=1, bolero=0, bounded_kani=0, full_kani=0
ONE_LINE_FUNCTION_FOR_FACTORIAL_OF_A_NUMBER, compile=1, bolero=1, bounded_kani=1, full_kani=0
COMPUTE_AVERAGE_TWO_NUMBERS_WITHOUT_OVERFLOW, compile=1, bolero=1, bounded_kani=0, full_kani=0
TRIANGULAR_NUMBERS_1, compile=1, bolero=1, bounded_kani=0, full_kani=0
MAXIMUM_TRIPLET_SUM_ARRAY_1, compile=1, bolero=1, bounded_kani=0, full_kani=0
CALCULATE_VOLUME_DODECAHEDRON, compile=1, bolero=1, bounded_kani=0, full_kani=0
EULERS_CRITERION_CHECK_IF_SQUARE_ROOT_UNDER_MODULO_P_EXISTS, compile=1, bolero=1, bounded_kani=0, full_kani=0
EFFICIENTLY_FIND_FIRST_REPEATED_CHARACTER_STRING_WITHOUT_USING_ADDITIONAL_DATA_STRUCTURE_ONE_TRAVERSAL, compile=1, bolero=1, bounded_kani=1, full_kani=1
POSITION_ELEMENT_STABLE_SORT, compile=1, bolero=0, bounded_kani=0, full_kani=0
FIND_MAXIMUM_AVERAGE_SUBARRAY_OF_K_LENGTH_1, compile=1, bolero=0, bounded_kani=0, full_kani=0
CHECK_STRING_FOLLOWS_ANBN_PATTERN_NOT, compile=1, bolero=1, bounded_kani=1, full_kani=1
CEILING_IN_A_SORTED_ARRAY, compile=1, bolero=0, bounded_kani=0, full_kani=0
FIBONACCI_MODULO_P, compile=1, bolero=1, bounded_kani=1, full_kani=0
C_PROGRAM_FACTORIAL_NUMBER, compile=1, bolero=0, bounded_kani=0, full_kani=0
FIND_MINIMUM_DIFFERENCE_PAIR, compile=1, bolero=0, bounded_kani=0, full_kani=0
PROGRAM_AREA_SQUARE, compile=1, bolero=1, bounded_kani=0, full_kani=0
EVEN_FIBONACCI_NUMBERS_SUM, compile=1, bolero=1, bounded_kani=0, full_kani=0
PROGRAM_CALCULATE_VOLUME_ELLIPSOID, compile=1, bolero=0, bounded_kani=0, full_kani=0
COUNT_SET_BITS_IN_AN_INTEGER_3, compile=1, bolero=1, bounded_kani=0, full_kani=0
K_TH_PRIME_FACTOR_GIVEN_NUMBER, compile=1, bolero=0, bounded_kani=0, full_kani=0
FIND_MINIMUM_DIFFERENCE_PAIR_1, compile=1, bolero=0, bounded_kani=0, full_kani=0
DIVISIBILITY_BY_7, compile=1, bolero=1, bounded_kani=0, full_kani=0
CHECK_WHETHER_GIVEN_NUMBER_EVEN_ODD, compile=1, bolero=1, bounded_kani=0, full_kani=0
NUMBER_WAYS_NODE_MAKE_LOOP_SIZE_K_UNDIRECTED_COMPLETE_CONNECTED_GRAPH_N_NODES, compile=1, bolero=1, bounded_kani=0, full_kani=0
MINIMUM_NUMBER_SUBSETS_DISTINCT_ELEMENTS, compile=1, bolero=0, bounded_kani=0, full_kani=0
CHECK_IF_A_NUMBER_IS_POWER_OF_ANOTHER_NUMBER, compile=1, bolero=0, bounded_kani=0, full_kani=0
PIZZA_CUT_PROBLEM_CIRCLE_DIVISION_LINES, compile=1, bolero=1, bounded_kani=1, full_kani=0
DYNAMIC_PROGRAMMING_SET_10_0_1_KNAPSACK_PROBLEM, compile=1, bolero=0, bounded_kani=0, full_kani=0
SUM_MATRIX_ELEMENT_ELEMENT_INTEGER_DIVISION_ROW_COLUMN_1, compile=1, bolero=1, bounded_kani=1, full_kani=0
HOW_TO_TURN_OFF_A_PARTICULAR_BIT_IN_A_NUMBER, compile=1, bolero=1, bounded_kani=0, full_kani=0
MINIMUM_TIME_TO_FINISH_TASKS_WITHOUT_SKIPPING_TWO_CONSECUTIVE, compile=1, bolero=0, bounded_kani=0, full_kani=0
MAXIMUM_POINTS_INTERSECTION_N_CIRCLES, compile=1, bolero=1, bounded_kani=0, full_kani=0
ARRAY_ELEMENT_MOVED_K_USING_SINGLE_MOVES, compile=1, bolero=1, bounded_kani=0, full_kani=0
COUNT_POSSIBLE_WAYS_TO_CONSTRUCT_BUILDINGS, compile=1, bolero=1, bounded_kani=1, full_kani=0
BIN_PACKING_PROBLEM_MINIMIZE_NUMBER_OF_USED_BINS, compile=1, bolero=0, bounded_kani=0, full_kani=0
NUMBER_OF_TRIANGLES_IN_A_PLANE_IF_NO_MORE_THAN_TWO_POINTS_ARE_COLLINEAR, compile=1, bolero=1, bounded_kani=0, full_kani=0
COMPUTE_AVERAGE_TWO_NUMBERS_WITHOUT_OVERFLOW_1, compile=1, bolero=1, bounded_kani=0, full_kani=0
ZECKENDORFS_THEOREM_NON_NEIGHBOURING_FIBONACCI_REPRESENTATION, compile=1, bolero=1, bounded_kani=0, full_kani=0
COUNT_INDEX_PAIRS_EQUAL_ELEMENTS_ARRAY, compile=1, bolero=1, bounded_kani=0, full_kani=0
MINIMUM_XOR_VALUE_PAIR, compile=1, bolero=0, bounded_kani=0, full_kani=0
CHECK_IF_A_NUMBER_IS_JUMBLED_OR_NOT, compile=1, bolero=1, bounded_kani=0, full_kani=0
SUM_DIVISORS_1_N_1, compile=1, bolero=1, bounded_kani=1, full_kani=0
CHECK_WHETHER_TRIANGLE_VALID_NOT_SIDES_GIVEN, compile=1, bolero=1, bounded_kani=0, full_kani=0
MAXIMUM_HEIGHT_OF_TRIANGULAR_ARRANGEMENT_OF_ARRAY_VALUES_1, compile=1, bolero=1, bounded_kani=0, full_kani=0
SUM_SERIES_0_6_0_06_0_006_0_0006_N_TERMS, compile=1, bolero=0, bounded_kani=0, full_kani=0
SUM_SUBSETS_SET_FORMED_FIRST_N_NATURAL_NUMBERS, compile=1, bolero=0, bounded_kani=0, full_kani=0
ADD_TWO_NUMBERS_WITHOUT_USING_ARITHMETIC_OPERATORS, compile=1, bolero=1, bounded_kani=0, full_kani=0
QUICK_WAY_CHECK_CHARACTERS_STRING, compile=1, bolero=1, bounded_kani=1, full_kani=1
SWAP_ALL_ODD_AND_EVEN_BITS, compile=1, bolero=0, bounded_kani=0, full_kani=0
SUM_BINOMIAL_COEFFICIENTS_1, compile=1, bolero=1, bounded_kani=0, full_kani=0
SUM_SERIES_23_45_67_89_UPTO_N_TERMS, compile=1, bolero=0, bounded_kani=0, full_kani=0
CHECK_INTEGER_OVERFLOW_MULTIPLICATION, compile=1, bolero=1, bounded_kani=0, full_kani=0
MAXIMIZE_SUM_CONSECUTIVE_DIFFERENCES_CIRCULAR_ARRAY, compile=1, bolero=0, bounded_kani=0, full_kani=0
PROGRAM_FOR_DEADLOCK_FREE_CONDITION_IN_OPERATING_SYSTEM, compile=1, bolero=1, bounded_kani=0, full_kani=0
FIND_MINIMUM_SUM_FACTORS_NUMBER, compile=1, bolero=1, bounded_kani=0, full_kani=0
MAKING_ELEMENTS_OF_TWO_ARRAYS_SAME_WITH_MINIMUM_INCREMENTDECREMENT, compile=1, bolero=0, bounded_kani=0, full_kani=0
FRIENDS_PAIRING_PROBLEM_2, compile=1, bolero=1, bounded_kani=1, full_kani=0
FIND_SUM_EVEN_INDEX_BINOMIAL_COEFFICIENTS_1, compile=1, bolero=1, bounded_kani=0, full_kani=0
LARGEST_SUM_CONTIGUOUS_SUBARRAY_2, compile=1, bolero=0, bounded_kani=0, full_kani=0
FIND_THE_NUMBER_OCCURRING_ODD_NUMBER_OF_TIMES, compile=1, bolero=0, bounded_kani=0, full_kani=0
WRITE_A_C_PROGRAM_TO_FIND_THE_PARITY_OF_AN_UNSIGNED_INTEGER, compile=0, bolero=0, bounded_kani=0, full_kani=0
COUNT_NUMBER_PAIRS_N_B_N_GCD_B_B, compile=1, bolero=1, bounded_kani=0, full_kani=0
PROGRAM_TO_FIND_THE_AREA_OF_PENTAGON, compile=1, bolero=0, bounded_kani=0, full_kani=0
FIND_THE_MISSING_NUMBER_2, compile=1, bolero=1, bounded_kani=0, full_kani=0
PROGRAM_CHECK_PLUS_PERFECT_NUMBER, compile=1, bolero=0, bounded_kani=0, full_kani=0
COMPUTE_N_UNDER_MODULO_P, compile=1, bolero=1, bounded_kani=0, full_kani=0
SUM_K_TH_GROUP_ODD_POSITIVE_NUMBERS, compile=1, bolero=1, bounded_kani=1, full_kani=0
MINIMUM_SUM_TWO_NUMBERS_FORMED_DIGITS_ARRAY_2, compile=1, bolero=0, bounded_kani=0, full_kani=0
FIND_MAXIMUM_HEIGHT_PYRAMID_FROM_THE_GIVEN_ARRAY_OF_OBJECTS, compile=1, bolero=1, bounded_kani=0, full_kani=0
SUM_SERIES_555555_N_TERMS, compile=1, bolero=1, bounded_kani=0, full_kani=0
PYTHAGOREAN_QUADRUPLE, compile=1, bolero=1, bounded_kani=0, full_kani=0
PROGRAM_CALCULATE_VOLUME_OCTAHEDRON, compile=1, bolero=1, bounded_kani=1, full_kani=1
COUNT_PAIRS_TWO_SORTED_ARRAYS_WHOSE_SUM_EQUAL_GIVEN_VALUE_X_2, compile=1, bolero=1, bounded_kani=0, full_kani=0
FIND_HARMONIC_MEAN_USING_ARITHMETIC_MEAN_GEOMETRIC_MEAN, compile=1, bolero=1, bounded_kani=0, full_kani=0
CHECK_WHETHER_GIVEN_NUMBER_EVEN_ODD_1, compile=1, bolero=1, bounded_kani=0, full_kani=0
CHECK_LINE_PASSES_ORIGIN, compile=1, bolero=0, bounded_kani=0, full_kani=0
FIND_MINIMUM_ELEMENT_IN_A_SORTED_AND_ROTATED_ARRAY, compile=1, bolero=0, bounded_kani=0, full_kani=0
MINIMUM_DIFFERENCE_MAX_MIN_K_SIZE_SUBSETS, compile=1, bolero=1, bounded_kani=0, full_kani=0
MINIMUM_COST_FOR_ACQUIRING_ALL_COINS_WITH_K_EXTRA_COINS_ALLOWED_WITH_EVERY_COIN, compile=1, bolero=1, bounded_kani=0, full_kani=0
FIND_SMALLEST_VALUE_REPRESENTED_SUM_SUBSET_GIVEN_ARRAY, compile=1, bolero=1, bounded_kani=0, full_kani=0
MINIMUM_COST_CONNECT_WEIGHTED_NODES_REPRESENTED_ARRAY, compile=1, bolero=0, bounded_kani=0, full_kani=0
MULTIPLY_AN_INTEGER_WITH_3_5, compile=1, bolero=1, bounded_kani=0, full_kani=0
NUMBER_SUBSEQUENCES_AB_STRING_REPEATED_K_TIMES, compile=1, bolero=1, bounded_kani=1, full_kani=1
PROGRAM_TO_FIND_REMAINDER_WITHOUT_USING_MODULO_OR_OPERATOR, compile=1, bolero=1, bounded_kani=0, full_kani=0
